class@n,a0@A,a1@A,a2@A,a3@K,a4@F,a5@E,a6@R,a7@Q
class@n,a0@A,a1@A,a2@A,a3@M,a4@K,a5@R,a6@H,a7@G
class@n,a0@A,a1@A,a2@A,a3@M,a4@S,a5@S,a6@A,a7@I
class@n,a0@A,a1@A,a2@K,a3@F,a4@E,a5@R,a6@Q,a7@H
class@n,a0@A,a1@A,a2@K,a3@F,a4@E,a5@S,a6@N,a7@F
class@n,a0@A,a1@A,a2@M,a3@K,a4@R,a5@H,a6@G,a7@L
class@n,a0@A,a1@A,a2@S,a3@S,a4@S,a5@N,a6@Y,a7@C
class@y,a0@A,a1@A,a2@V,a3@L,a4@A,a5@E,a6@A,a7@M
class@n,a0@A,a1@C,a2@E,a3@G,a4@N,a5@P,a6@Y,a7@V
class@n,a0@A,a1@C,a2@K,a3@N,a4@G,a5@Q,a6@T,a7@N
class@n,a0@A,a1@D,a2@V,a3@Q,a4@A,a5@V,a6@C,a7@S
class@y,a0@A,a1@E,a2@A,a3@M,a4@S,a5@Q,a6@V,a7@T
class@y,a0@A,a1@E,a2@C,a3@F,a4@R,a5@I,a6@F,a7@D
class@y,a0@A,a1@E,a2@E,a3@L,a4@A,a5@E,a6@I,a7@F
class@y,a0@A,a1@E,a2@T,a3@F,a4@Y,a5@T,a6@D,a7@G
class@y,a0@A,a1@E,a2@T,a3@F,a4@Y,a5@V,a6@D,a7@G
class@y,a0@A,a1@E,a2@T,a3@F,a4@Y,a5@V,a6@D,a7@K
class@y,a0@A,a1@F,a2@V,a3@L,a4@A,a5@E,a6@A,a7@M
class@y,a0@A,a1@G,a2@V,a3@L,a4@A,a5@E,a6@A,a7@M
class@n,a0@A,a1@K,a2@F,a3@E,a4@R,a5@Q,a6@H,a7@M
class@n,a0@A,a1@K,a2@F,a3@E,a4@S,a5@N,a6@F,a7@N
class@n,a0@A,a1@K,a2@K,a3@I,a4@V,a5@S,a6@D,a7@G
class@y,a0@A,a1@K,a2@V,a3@L,a4@A,a5@E,a6@A,a7@M
class@y,a0@A,a1@K,a2@V,a3@L,a4@V,a5@V,a6@Q,a7@P
class@n,a0@A,a1@L,a2@L,a3@S,a4@S,a5@D,a6@I,a7@T
class@n,a0@A,a1@L,a2@T,a3@N,a4@A,a5@V,a6@L,a7@V
class@n,a0@A,a1@M,a2@K,a3@R,a4@H,a5@G,a6@L,a7@D
class@n,a0@A,a1@M,a2@V,a3@N,a4@Q,a5@A,a6@L,a7@V
class@n,a0@A,a1@N,a2@K,a3@H,a4@I,a5@I,a6@V,a7@A
class@y,a0@A,a1@Q,a2@N,a3@Y,a4@P,a5@I,a6@V,a7@L
class@y,a0@A,a1@Q,a2@N,a3@Y,a4@P,a5@I,a6@V,a7@Q
class@y,a0@A,a1@Q,a2@T,a3@F,a4@Y,a5@V,a6@N,a7@L
class@y,a0@A,a1@Q,a2@V,a3@L,a4@A,a5@E,a6@A,a7@M
class@y,a0@A,a1@R,a2@A,a3@L,a4@A,a5@E,a6@A,a7@M
class@y,a0@A,a1@R,a2@G,a3@L,a4@A,a5@E,a6@A,a7@M
class@y,a0@A,a1@R,a2@I,a3@L,a4@A,a5@E,a6@A,a7@M
class@y,a0@A,a1@R,a2@L,a3@M,a4@A,a5@E,a6@A,a7@L
class@n,a0@A,a1@R,a2@N,a3@L,a4@A,a5@E,a6@A,a7@M
class@y,a0@A,a1@R,a2@N,a3@L,a4@F,a5@E,a6@A,a7@L
class@y,a0@A,a1@R,a2@N,a3@L,a4@F,a5@I,a6@A,a7@L
class@y,a0@A,a1@R,a2@N,a3@L,a4@F,a5@Q,a6@A,a7@L
class@y,a0@A,a1@R,a2@N,a3@L,a4@F,a5@V,a6@A,a7@L
class@y,a0@A,a1@R,a2@N,a3@Y,a4@P,a5@E,a6@A,a7@L
class@y,a0@A,a1@R,a2@N,a3@Y,a4@P,a5@I,a6@V,a7@L
class@y,a0@A,a1@R,a2@R,a3@L,a4@A,a5@E,a6@A,a7@M
class@n,a0@A,a1@R,a2@S,a3@L,a4@A,a5@E,a6@A,a7@M
class@y,a0@A,a1@R,a2@V,a3@A,a4@A,a5@E,a6@A,a7@M
class@y,a0@A,a1@R,a2@V,a3@F,a4@A,a5@E,a6@A,a7@M
class@y,a0@A,a1@R,a2@V,a3@I,a4@A,a5@E,a6@A,a7@M
class@n,a0@A,a1@R,a2@V,a3@L,a4@A,a5@A,a6@A,a7@M
class@n,a0@A,a1@R,a2@V,a3@L,a4@A,a5@D,a6@A,a7@M
class@y,a0@A,a1@R,a2@V,a3@L,a4@A,a5@E,a6@A,a7@A
class@y,a0@A,a1@R,a2@V,a3@L,a4@A,a5@E,a6@A,a7@E
class@y,a0@A,a1@R,a2@V,a3@L,a4@A,a5@E,a6@A,a7@G
class@y,a0@A,a1@R,a2@V,a3@L,a4@A,a5@E,a6@A,a7@K
class@y,a0@A,a1@R,a2@V,a3@L,a4@A,a5@E,a6@A,a7@M
class@y,a0@A,a1@R,a2@V,a3@L,a4@A,a5@E,a6@A,a7@P
class@y,a0@A,a1@R,a2@V,a3@L,a4@A,a5@E,a6@A,a7@R
class@n,a0@A,a1@R,a2@V,a3@L,a4@A,a5@E,a6@D,a7@M
class@y,a0@A,a1@R,a2@V,a3@L,a4@A,a5@E,a6@E,a7@M
class@y,a0@A,a1@R,a2@V,a3@L,a4@A,a5@E,a6@F,a7@M
class@y,a0@A,a1@R,a2@V,a3@L,a4@A,a5@E,a6@G,a7@M
class@y,a0@A,a1@R,a2@V,a3@L,a4@A,a5@E,a6@R,a7@M
class@y,a0@A,a1@R,a2@V,a3@L,a4@A,a5@E,a6@S,a7@M
class@n,a0@A,a1@R,a2@V,a3@L,a4@A,a5@G,a6@A,a7@M
class@y,a0@A,a1@R,a2@V,a3@L,a4@A,a5@L,a6@A,a7@M
class@n,a0@A,a1@R,a2@V,a3@L,a4@A,a5@N,a6@A,a7@M
class@n,a0@A,a1@R,a2@V,a3@L,a4@A,a5@Q,a6@A,a7@M
class@y,a0@A,a1@R,a2@V,a3@L,a4@A,a5@V,a6@A,a7@M
class@y,a0@A,a1@R,a2@V,a3@L,a4@F,a5@A,a6@A,a7@L
class@y,a0@A,a1@R,a2@V,a3@L,a4@F,a5@D,a6@A,a7@L
class@y,a0@A,a1@R,a2@V,a3@L,a4@F,a5@E,a6@A,a7@L
class@y,a0@A,a1@R,a2@V,a3@L,a4@F,a5@E,a6@A,a7@M
class@y,a0@A,a1@R,a2@V,a3@L,a4@F,a5@I,a6@A,a7@L
class@y,a0@A,a1@R,a2@V,a3@L,a4@F,a5@N,a6@A,a7@L
class@y,a0@A,a1@R,a2@V,a3@L,a4@F,a5@Q,a6@A,a7@L
class@y,a0@A,a1@R,a2@V,a3@L,a4@F,a5@T,a6@A,a7@L
class@y,a0@A,a1@R,a2@V,a3@L,a4@F,a5@V,a6@A,a7@L
class@y,a0@A,a1@R,a2@V,a3@L,a4@G,a5@E,a6@A,a7@M
class@y,a0@A,a1@R,a2@V,a3@L,a4@I,a5@E,a6@A,a7@M
class@y,a0@A,a1@R,a2@V,a3@L,a4@L,a5@E,a6@A,a7@M
class@y,a0@A,a1@R,a2@V,a3@L,a4@M,a5@E,a6@A,a7@M
class@y,a0@A,a1@R,a2@V,a3@L,a4@N,a5@E,a6@A,a7@M
class@y,a0@A,a1@R,a2@V,a3@L,a4@V,a5@E,a6@A,a7@M
class@y,a0@A,a1@R,a2@V,a3@M,a4@A,a5@E,a6@A,a7@M
class@y,a0@A,a1@R,a2@V,a3@N,a4@A,a5@E,a6@A,a7@M
class@n,a0@A,a1@R,a2@V,a3@V,a4@A,a5@E,a6@A,a7@M
class@y,a0@A,a1@R,a2@V,a3@Y,a4@A,a5@E,a6@A,a7@M
class@y,a0@A,a1@R,a2@V,a3@Y,a4@P,a5@E,a6@A,a7@L
class@n,a0@A,a1@S,a2@I,a3@L,a4@P,a5@V,a6@I,a7@P
class@n,a0@A,a1@S,a2@S,a3@S,a4@N,a5@Y,a6@C,a7@N
class@n,a0@A,a1@S,a2@V,a3@N,a4@C,a5@A,a6@K,a7@K
class@y,a0@A,a1@T,a2@A,a3@M,a4@M,a5@A,a6@T,a7@A
class@y,a0@A,a1@T,a2@I,a3@M,a4@M,a5@I,a6@T,a7@A
class@y,a0@A,a1@T,a2@I,a3@M,a4@M,a5@Q,a6@R,a7@G
class@y,a0@A,a1@T,a2@I,a3@Y,a4@Y,a5@I,a6@T,a7@A
class@n,a0@A,a1@T,a2@N,a3@R,a4@N,a5@T,a6@D,a7@G
class@y,a0@A,a1@T,a2@V,a3@L,a4@A,a5@E,a6@A,a7@M
class@y,a0@A,a1@T,a2@V,a3@L,a4@T,a5@V,a6@A,a7@L
class@n,a0@A,a1@V,a2@C,a3@S,a4@Q,a5@K,a6@N,a7@V
class@n,a0@A,a1@W,a2@I,a3@R,a4@G,a5@C,a6@R,a7@L
class@n,a0@A,a1@W,a2@R,a3@N,a4@R,a5@C,a6@K,a7@G
class@n,a0@A,a1@W,a2@V,a3@A,a4@W,a5@R,a6@N,a7@R
class@n,a0@A,a1@Y,a2@K,a3@T,a4@T,a5@Q,a6@A,a7@N
class@n,a0@C,a1@A,a2@A,a3@K,a4@F,a5@E,a6@S,a7@N
class@n,a0@C,a1@A,a2@K,a3@K,a4@I,a5@V,a6@S,a7@D
class@n,a0@C,a1@A,a2@Y,a3@K,a4@T,a5@T,a6@Q,a7@A
class@n,a0@C,a1@E,a2@G,a3@N,a4@P,a5@Y,a6@V,a7@P
class@n,a0@C,a1@E,a2@L,a3@A,a4@A,a5@A,a6@M,a7@K
class@n,a0@C,a1@K,a2@G,a3@T,a4@D,a5@V,a6@Q,a7@A
class@n,a0@C,a1@K,a2@N,a3@G,a4@Q,a5@T,a6@N,a7@C
class@n,a0@C,a1@K,a2@P,a3@V,a4@N,a5@T,a6@F,a7@V
class@n,a0@C,a1@N,a2@D,a3@G,a4@R,a5@T,a6@P,a7@G
class@n,a0@C,a1@N,a2@I,a3@P,a4@C,a5@S,a6@A,a7@L
class@n,a0@C,a1@N,a2@Q,a3@M,a4@M,a5@K,a6@S,a7@R
class@n,a0@C,a1@R,a2@E,a3@T,a4@G,a5@S,a6@S,a7@K
class@n,a0@C,a1@S,a2@A,a3@L,a4@L,a5@S,a6@S,a7@D
class@n,a0@C,a1@S,a2@Q,a3@K,a4@N,a5@V,a6@A,a7@C
class@n,a0@C,a1@Y,a2@Q,a3@S,a4@Y,a5@S,a6@T,a7@M
class@y,a0@D,a1@A,a2@I,a3@N,a4@T,a5@E,a6@F,a7@K
class@n,a0@D,a1@C,a2@R,a3@E,a4@T,a5@G,a6@S,a7@S
class@y,a0@D,a1@D,a2@L,a3@F,a4@F,a5@E,a6@A,a7@D
class@n,a0@D,a1@G,a2@N,a3@G,a4@M,a5@N,a6@A,a7@W
class@n,a0@D,a1@G,a2@R,a3@T,a4@P,a5@G,a6@S,a7@R
class@n,a0@D,a1@G,a2@S,a3@T,a4@D,a5@Y,a6@G,a7@I
class@n,a0@D,a1@I,a2@T,a3@A,a4@S,a5@V,a6@N,a7@C
class@y,a0@D,a1@K,a2@V,a3@L,a4@V,a5@V,a6@Q,a7@P
class@y,a0@D,a1@L,a2@V,a3@L,a4@L,a5@S,a6@A,a7@E
class@n,a0@D,a1@N,a2@Y,a3@R,a4@G,a5@Y,a6@S,a7@L
class@y,a0@D,a1@Q,a2@I,a3@L,a4@I,a5@E,a6@I,a7@C
class@y,a0@D,a1@Q,a2@N,a3@Y,a4@P,a5@I,a6@V,a7@Q
class@n,a0@D,a1@R,a2@C,a3@K,a4@P,a5@V,a6@N,a7@T
class@y,a0@D,a1@S,a2@A,a3@D,a4@A,a5@E,a6@E,a7@D
class@n,a0@D,a1@S,a2@S,a3@T,a4@S,a5@A,a6@A,a7@S
class@y,a0@D,a1@T,a2@V,a3@L,a4@E,a5@E,a6@M,a7@S
class@n,a0@D,a1@V,a2@Q,a3@A,a4@V,a5@C,a6@S,a7@Q
class@n,a0@D,a1@V,a2@Q,a3@A,a4@W,a5@I,a6@R,a7@G
class@n,a0@D,a1@Y,a2@G,a3@I,a4@L,a5@Q,a6@I,a7@N
class@y,a0@E,a1@E,a2@I,a3@M,a4@L,a5@A,a6@Y,a7@Q
class@n,a0@E,a1@G,a2@N,a3@P,a4@Y,a5@V,a6@P,a7@V
class@y,a0@E,a1@K,a2@V,a3@Y,a4@L,a5@A,a6@W,a7@V
class@n,a0@E,a1@L,a2@A,a3@A,a4@A,a5@M,a6@K,a7@R
class@y,a0@E,a1@L,a2@E,a3@F,a4@P,a5@E,a6@G,a7@G
class@y,a0@E,a1@L,a2@E,a3@L,a4@A,a5@E,a6@N,a7@R
class@y,a0@E,a1@L,a2@I,a3@L,a4@P,a5@V,a6@K,a7@R
class@n,a0@E,a1@R,a2@Q,a3@H,a4@M,a5@D,a6@S,a7@S
class@y,a0@E,a1@R,a2@V,a3@L,a4@A,a5@E,a6@A,a7@M
class@n,a0@E,a1@S,a2@L,a3@A,a4@D,a5@V,a6@Q,a7@A
class@n,a0@E,a1@S,a2@N,a3@F,a4@N,a5@T,a6@Q,a7@A
class@n,a0@E,a1@T,a2@A,a3@A,a4@A,a5@K,a6@F,a7@E
class@n,a0@E,a1@T,a2@G,a3@S,a4@S,a5@K,a6@Y,a7@P
class@y,a0@E,a1@T,a2@T,a3@A,a4@L,a5@V,a6@C,a7@D
class@y,a0@F,a1@A,a2@V,a3@S,a4@L,a5@A,a6@M,a7@T
class@n,a0@F,a1@E,a2@R,a3@Q,a4@H,a5@M,a6@D,a7@S
class@n,a0@F,a1@E,a2@S,a3@N,a4@F,a5@N,a6@T,a7@Q
class@n,a0@F,a1@G,a2@R,a3@C,a4@E,a5@L,a6@A,a7@A
class@n,a0@F,a1@H,a2@V,a3@N,a4@G,a5@L,a6@V,a7@K
class@n,a0@F,a1@N,a2@T,a3@Q,a4@A,a5@T,a6@N,a7@R
class@y,a0@F,a1@Q,a2@A,a3@Y,a4@P,a5@L,a6@R,a7@E
class@n,a0@F,a1@Q,a2@V,a3@N,a4@G,a5@L,a6@V,a7@K
class@y,a0@F,a1@R,a2@S,a3@G,a4@V,a5@E,a6@T,a7@T
class@n,a0@F,a1@S,a2@V,a3@N,a4@G,a5@L,a6@V,a7@K
class@n,a0@F,a1@V,a2@H,a3@E,a4@S,a5@L,a6@A,a7@D
class@n,a0@F,a1@V,a2@N,a3@N,a4@G,a5@L,a6@V,a7@K
class@n,a0@F,a1@V,a2@V,a3@N,a4@G,a5@L,a6@V,a7@K
class@n,a0@G,a1@A,a2@L,a3@T,a4@N,a5@A,a6@V,a7@L
class@n,a0@G,a1@A,a2@M,a3@V,a4@N,a5@Q,a6@A,a7@L
class@y,a0@G,a1@A,a2@V,a3@S,a4@L,a5@A,a6@M,a7@T
class@y,a0@G,a1@A,a2@V,a3@W,a4@L,a5@A,a6@M,a7@T
class@y,a0@G,a1@D,a2@A,a3@L,a4@L,a5@E,a6@R,a7@N
class@y,a0@G,a1@D,a2@A,a3@Y,a4@F,a5@S,a6@V,a7@P
class@y,a0@G,a1@E,a2@M,a3@F,a4@F,a5@P,a6@V,a7@L
class@y,a0@G,a1@F,a2@A,a3@M,a4@A,a5@E,a6@A,a7@L
class@y,a0@G,a1@F,a2@I,a3@G,a4@V,a5@S,a6@Y,a7@L
class@y,a0@G,a1@G,a2@N,a3@Y,a4@P,a5@V,a6@Q,a7@H
class@n,a0@G,a1@G,a2@R,a3@I,a4@N,a5@V,a6@A,a7@L
class@y,a0@G,a1@G,a2@V,a3@Y,a4@A,a5@T,a6@R,a7@S
class@n,a0@G,a1@I,a2@L,a3@Q,a4@I,a5@N,a6@S,a7@R
class@y,a0@G,a1@K,a2@V,a3@L,a4@V,a5@V,a6@Q,a7@P
class@y,a0@G,a1@L,a2@A,a3@A,a4@P,a5@Q,a6@F,a7@S
class@n,a0@G,a1@L,a2@D,a3@N,a4@Y,a5@R,a6@G,a7@Y
class@y,a0@G,a1@L,a2@N,a3@M,a4@P,a5@A,a6@L,a7@V
class@y,a0@G,a1@L,a2@T,a3@M,a4@V,a5@Q,a6@E,a7@L
class@n,a0@G,a1@L,a2@T,a3@M,a4@V,a5@T,a6@Q,a7@L
class@y,a0@G,a1@L,a2@V,a3@A,a4@F,a5@A,a6@N,a7@L
class@y,a0@G,a1@L,a2@V,a3@L,a4@Q,a5@E,a6@G,a7@L
class@n,a0@G,a1@M,a2@N,a3@A,a4@W,a5@V,a6@A,a7@W
class@n,a0@G,a1@N,a2@G,a3@M,a4@N,a5@A,a6@W,a7@V
class@n,a0@G,a1@N,a2@P,a3@Y,a4@V,a5@P,a6@V,a7@H
class@n,a0@G,a1@N,a2@W,a3@V,a4@C,a5@A,a6@A,a7@K
class@y,a0@G,a1@Q,a2@A,a3@N,a4@F,a5@L,a6@G,a7@K
class@y,a0@G,a1@Q,a2@D,a3@F,a4@P,a5@M,a6@Y,a7@L
class@y,a0@G,a1@Q,a2@N,a3@Y,a4@P,a5@I,a6@V,a7@Q
class@n,a0@G,a1@Q,a2@T,a3@N,a4@C,a5@Y,a6@Q,a7@S
class@y,a0@G,a1@Q,a2@V,a3@N,a4@F,a5@L,a6@G,a7@K
class@y,a0@G,a1@Q,a2@V,a3@N,a4@Y,a5@E,a6@E,a7@F
class@n,a0@G,a1@R,a2@C,a3@E,a4@L,a5@A,a6@A,a7@A
class@n,a0@G,a1@R,a2@I,a3@N,a4@V,a5@A,a6@L,a7@V
class@n,a0@G,a1@R,a2@T,a3@P,a4@G,a5@S,a6@R,a7@N
class@n,a0@G,a1@S,a2@G,a3@A,a4@L,a5@T,a6@N,a7@A
class@n,a0@G,a1@S,a2@G,a3@A,a4@M,a5@V,a6@N,a7@Q
class@n,a0@G,a1@S,a2@G,a3@G,a4@R,a5@I,a6@N,a7@V
class@n,a0@G,a1@S,a2@G,a3@L,a4@T,a5@M,a6@V,a7@T
class@n,a0@G,a1@S,a2@G,a3@T,a4@W,a5@M,a6@V,a7@H
class@n,a0@G,a1@S,a2@G,a3@V,a4@Y,a5@Q,a6@L,a7@S
class@y,a0@G,a1@S,a2@H,a3@L,a4@V,a5@E,a6@A,a7@L
class@n,a0@G,a1@S,a2@R,a3@N,a4@L,a5@C,a6@N,a7@I
class@n,a0@G,a1@S,a2@S,a3@K,a4@Y,a5@P,a6@N,a7@C
class@n,a0@G,a1@S,a2@T,a3@D,a4@Y,a5@G,a6@I,a7@L
class@n,a0@G,a1@T,a2@D,a3@V,a4@Q,a5@A,a6@W,a7@I
class@n,a0@G,a1@T,a2@W,a3@M,a4@V,a5@H,a6@S,a7@L
class@n,a0@G,a1@V,a2@A,a3@L,a4@S,a5@A,a6@L,a7@V
class@n,a0@G,a1@V,a2@F,a3@S,a4@V,a5@N,a6@G,a7@L
class@n,a0@G,a1@V,a2@F,a3@V,a4@N,a5@N,a6@G,a7@L
class@n,a0@G,a1@V,a2@N,a3@V,a4@V,a5@N,a6@G,a7@K
class@n,a0@G,a1@V,a2@Q,a3@V,a4@V,a5@N,a6@G,a7@K
class@n,a0@G,a1@V,a2@Y,a3@Q,a4@L,a5@S,a6@A,a7@L
class@y,a0@G,a1@W,a2@I,a3@L,a4@A,a5@E,a6@H,a7@G
class@y,a0@G,a1@W,a2@I,a3@L,a4@G,a5@E,a6@H,a7@G
class@y,a0@G,a1@W,a2@V,a3@M,a4@T,a5@E,a6@A,a7@L
class@n,a0@G,a1@Y,a2@S,a3@L,a4@G,a5@N,a6@W,a7@V
class@y,a0@H,a1@A,a2@V,a3@S,a4@L,a5@A,a6@M,a7@T
class@n,a0@H,a1@E,a2@S,a3@L,a4@A,a5@D,a6@V,a7@Q
class@n,a0@H,a1@G,a2@L,a3@D,a4@N,a5@Y,a6@R,a7@G
class@n,a0@H,a1@I,a2@I,a3@V,a4@A,a5@C,a6@E,a7@G
class@y,a0@H,a1@L,a2@V,a3@E,a4@A,a5@L,a6@Y,a7@L
class@n,a0@H,a1@M,a2@D,a3@S,a4@S,a5@T,a6@S,a7@A
class@y,a0@H,a1@Y,a2@G,a3@F,a4@P,a5@T,a6@Y,a7@G
class@n,a0@I,a1@I,a2@V,a3@A,a4@C,a5@E,a6@G,a7@N
class@n,a0@I,a1@L,a2@Q,a3@I,a4@N,a5@S,a6@R,a7@W
class@n,a0@I,a1@N,a2@S,a3@R,a4@W,a5@W,a6@C,a7@N
class@n,a0@I,a1@N,a2@V,a3@A,a4@L,a5@V,a6@P,a7@K
class@n,a0@I,a1@P,a2@C,a3@S,a4@A,a5@L,a6@L,a7@S
class@n,a0@I,a1@T,a2@A,a3@S,a4@V,a5@N,a6@C,a7@A
class@n,a0@I,a1@T,a2@D,a3@C,a4@R,a5@E,a6@T,a7@G
class@n,a0@I,a1@V,a2@A,a3@C,a4@E,a5@G,a6@N,a7@P
class@n,a0@I,a1@V,a2@S,a3@D,a4@G,a5@N,a6@G,a7@M
class@y,a0@K,a1@D,a2@I,a3@F,a4@P,a5@V,a6@T,a7@E
class@n,a0@K,a1@D,a2@R,a3@C,a4@K,a5@P,a6@V,a7@N
class@y,a0@K,a1@E,a2@L,a3@Y,a4@P,a5@L,a6@T,a7@S
class@n,a0@K,a1@E,a2@T,a3@A,a4@A,a5@A,a6@K,a7@F
class@n,a0@K,a1@F,a2@E,a3@R,a4@Q,a5@H,a6@M,a7@D
class@n,a0@K,a1@F,a2@E,a3@S,a4@N,a5@F,a6@N,a7@T
class@n,a0@K,a1@G,a2@S,a3@G,a4@A,a5@L,a6@T,a7@N
class@n,a0@K,a1@G,a2@S,a3@G,a4@A,a5@M,a6@V,a7@N
class@n,a0@K,a1@G,a2@S,a3@G,a4@G,a5@R,a6@I,a7@N
class@n,a0@K,a1@G,a2@S,a3@G,a4@L,a5@T,a6@M,a7@V
class@n,a0@K,a1@G,a2@S,a3@G,a4@T,a5@W,a6@M,a7@V
class@n,a0@K,a1@G,a2@S,a3@G,a4@V,a5@Y,a6@Q,a7@L
class@n,a0@K,a1@G,a2@T,a3@D,a4@V,a5@Q,a6@A,a7@W
class@n,a0@K,a1@H,a2@I,a3@I,a4@V,a5@A,a6@C,a7@E
class@n,a0@K,a1@I,a2@V,a3@S,a4@D,a5@G,a6@N,a7@G
class@n,a0@K,a1@K,a2@I,a3@V,a4@S,a5@D,a6@G,a7@N
class@n,a0@K,a1@K,a2@L,a3@V,a4@V,a5@Q,a6@P,a7@K
class@y,a0@K,a1@L,a2@V,a3@L,a4@A,a5@Q,a6@L,a7@S
class@y,a0@K,a1@M,a2@M,a3@L,a4@L,a5@A,a6@K,a7@A
class@n,a0@K,a1@N,a2@G,a3@Q,a4@T,a5@N,a6@C,a7@Y
class@n,a0@K,a1@N,a2@V,a3@A,a4@C,a5@K,a6@N,a7@G
class@n,a0@K,a1@P,a2@V,a3@N,a4@T,a5@F,a6@V,a7@H
class@y,a0@K,a1@Q,a2@N,a3@Y,a4@P,a5@I,a6@V,a7@Q
class@n,a0@K,a1@Q,a2@T,a3@F,a4@P,a5@I,a6@Q,a7@Q
class@n,a0@K,a1@R,a2@H,a3@G,a4@L,a5@D,a6@N,a7@Y
class@n,a0@K,a1@S,a2@G,a3@V,a4@F,a5@S,a6@V,a7@N
class@n,a0@K,a1@S,a2@G,a3@V,a4@F,a5@V,a6@N,a7@N
class@n,a0@K,a1@S,a2@G,a3@V,a4@N,a5@V,a6@V,a7@N
class@n,a0@K,a1@S,a2@G,a3@V,a4@Q,a5@V,a6@V,a7@N
class@n,a0@K,a1@S,a2@R,a3@N,a4@L,a5@T,a6@K,a7@D
class@n,a0@K,a1@S,a2@R,a3@V,a4@N,a5@V,a6@V,a7@N
class@n,a0@K,a1@S,a2@R,a3@V,a4@Q,a5@V,a6@V,a7@N
class@n,a0@K,a1@T,a2@K,a3@K,a4@L,a5@V,a6@V,a7@Q
class@n,a0@K,a1@T,a2@K,a3@V,a4@K,a5@V,a6@V,a7@Q
class@n,a0@K,a1@T,a2@K,a3@V,a4@L,a5@K,a6@V,a7@Q
class@n,a0@K,a1@T,a2@T,a3@Q,a4@A,a5@N,a6@K,a7@H
class@n,a0@K,a1@V,a2@F,a3@G,a4@R,a5@C,a6@E,a7@L
class@n,a0@K,a1@V,a2@K,a3@V,a4@V,a5@Q,a6@P,a7@K
class@n,a0@K,a1@V,a2@L,a3@K,a4@V,a5@Q,a6@P,a7@K
class@n,a0@K,a1@Y,a2@P,a3@N,a4@C,a5@A,a6@Y,a7@K
class@n,a0@L,a1@A,a2@A,a3@A,a4@M,a5@K,a6@R,a7@H
class@n,a0@L,a1@A,a2@D,a3@V,a4@Q,a5@A,a6@V,a7@C
class@y,a0@L,a1@A,a2@V,a3@S,a4@L,a5@A,a6@M,a7@T
class@n,a0@L,a1@C,a2@N,a3@I,a4@P,a5@C,a6@S,a7@A
class@n,a0@L,a1@D,a2@N,a3@Y,a4@R,a5@G,a6@Y,a7@S
class@y,a0@L,a1@E,a2@C,a3@L,a4@L,a5@S,a6@I,a7@P
class@y,a0@L,a1@E,a2@V,a3@N,a4@I,a5@V,a6@T,a7@D
class@n,a0@L,a1@G,a2@N,a3@W,a4@V,a5@C,a6@A,a7@A
class@y,a0@L,a1@K,a2@V,a3@L,a4@V,a5@V,a6@Q,a7@P
class@n,a0@L,a1@L,a2@S,a3@S,a4@D,a5@I,a6@T,a7@A
class@y,a0@L,a1@P,a2@V,a3@N,a4@G,a5@E,a6@F,a7@S
class@n,a0@L,a1@Q,a2@I,a3@N,a4@S,a5@R,a6@W,a7@W
class@y,a0@L,a1@Q,a2@N,a3@Y,a4@P,a5@I,a6@V,a7@Q
class@n,a0@L,a1@Q,a2@V,a3@L,a4@T,a5@L,a6@N,a7@I
class@n,a0@L,a1@S,a2@S,a3@D,a4@I,a5@T,a6@A,a7@S
class@n,a0@L,a1@T,a2@K,a3@D,a4@R,a5@C,a6@K,a7@P
class@n,a0@L,a1@T,a2@M,a3@V,a4@T,a5@Q,a6@L,a7@V
class@n,a0@L,a1@T,a2@N,a3@A,a4@V,a5@L,a6@V,a7@P
class@y,a0@L,a1@W,a2@M,a3@G,a4@Y,a5@E,a6@L,a7@H
class@n,a0@M,a1@D,a2@S,a3@S,a4@T,a5@S,a6@A,a7@A
class@n,a0@M,a1@K,a2@R,a3@H,a4@G,a5@L,a6@D,a7@N
class@n,a0@M,a1@K,a2@S,a3@R,a4@N,a5@L,a6@T,a7@K
class@n,a0@M,a1@M,a2@K,a3@S,a4@R,a5@N,a6@L,a7@T
class@n,a0@M,a1@N,a2@A,a3@W,a4@V,a5@A,a6@W,a7@R
class@y,a0@M,a1@Q,a2@N,a3@Y,a4@P,a5@I,a6@V,a7@Q
class@y,a0@M,a1@R,a2@V,a3@L,a4@A,a5@E,a6@A,a7@M
class@n,a0@M,a1@S,a2@I,a3@T,a4@D,a5@C,a6@R,a7@E
class@n,a0@M,a1@V,a2@H,a3@S,a4@L,a5@V,a6@P,a7@K
class@n,a0@M,a1@V,a2@N,a3@Q,a4@A,a5@L,a6@V,a7@P
class@n,a0@M,a1@V,a2@T,a3@Q,a4@L,a5@V,a6@P,a7@K
class@y,a0@N,a1@A,a2@V,a3@S,a4@L,a5@A,a6@M,a7@T
class@n,a0@N,a1@A,a2@W,a3@V,a4@A,a5@W,a6@R,a7@N
class@n,a0@N,a1@C,a2@A,a3@K,a4@K,a5@I,a6@V,a7@S
class@n,a0@N,a1@C,a2@A,a3@Y,a4@K,a5@T,a6@T,a7@Q
class@n,a0@N,a1@C,a2@Y,a3@Q,a4@S,a5@Y,a6@S,a7@T
class@n,a0@N,a1@D,a2@G,a3@R,a4@T,a5@P,a6@G,a7@S
class@n,a0@N,a1@F,a2@N,a3@T,a4@Q,a5@A,a6@T,a7@N
class@n,a0@N,a1@G,a2@M,a3@N,a4@A,a5@W,a6@V,a7@A
class@n,a0@N,a1@G,a2@Q,a3@T,a4@N,a5@C,a6@Y,a7@Q
class@n,a0@N,a1@I,a2@P,a3@C,a4@S,a5@A,a6@L,a7@L
class@n,a0@N,a1@K,a2@H,a3@I,a4@I,a5@V,a6@A,a7@C
class@n,a0@N,a1@L,a2@C,a3@N,a4@I,a5@P,a6@C,a7@S
class@n,a0@N,a1@L,a2@T,a3@K,a4@D,a5@R,a6@C,a7@K
class@n,a0@N,a1@P,a2@Y,a3@V,a4@P,a5@V,a6@H,a7@F
class@n,a0@N,a1@Q,a2@M,a3@M,a4@K,a5@S,a6@R,a7@N
class@y,a0@N,a1@Q,a2@N,a3@Y,a4@P,a5@I,a6@V,a7@Q
class@n,a0@N,a1@R,a2@C,a3@K,a4@G,a5@T,a6@D,a7@V
class@n,a0@N,a1@R,a2@N,a3@T,a4@D,a5@G,a6@S,a7@T
class@n,a0@N,a1@S,a2@R,a3@W,a4@W,a5@C,a6@N,a7@D
class@y,a0@N,a1@S,a2@V,a3@M,a4@I,a5@A,a6@L,a7@V
class@n,a0@N,a1@T,a2@D,a3@G,a4@S,a5@T,a6@D,a7@Y
class@n,a0@N,a1@T,a2@F,a3@V,a4@H,a5@E,a6@S,a7@L
class@n,a0@N,a1@T,a2@Q,a3@A,a4@T,a5@N,a6@R,a7@N
class@n,a0@N,a1@V,a2@A,a3@C,a4@K,a5@N,a6@G,a7@Q
class@n,a0@N,a1@W,a2@V,a3@C,a4@A,a5@A,a6@K,a7@F
class@n,a0@N,a1@Y,a2@C,a3@N,a4@Q,a5@M,a6@M,a7@K
class@n,a0@N,a1@Y,a2@R,a3@G,a4@Y,a5@S,a6@L,a7@G
class@y,a0@P,a1@A,a2@A,a3@S,a4@F,a5@A,a6@M,a7@T
class@y,a0@P,a1@A,a2@A,a3@S,a4@L,a5@A,a6@M,a7@T
class@y,a0@P,a1@A,a2@A,a3@W,a4@L,a5@A,a6@M,a7@T
class@y,a0@P,a1@A,a2@G,a3@S,a4@F,a5@A,a6@M,a7@T
class@y,a0@P,a1@A,a2@G,a3@S,a4@L,a5@A,a6@M,a7@T
class@y,a0@P,a1@A,a2@G,a3@W,a4@L,a5@A,a6@M,a7@T
class@y,a0@P,a1@A,a2@H,a3@S,a4@F,a5@A,a6@M,a7@T
class@y,a0@P,a1@A,a2@H,a3@S,a4@L,a5@A,a6@M,a7@T
class@y,a0@P,a1@A,a2@I,a3@L,a4@P,a5@I,a6@I,a7@S
class@n,a0@P,a1@A,a2@I,a3@L,a4@V,a5@H,a6@T,a7@P
class@y,a0@P,a1@A,a2@L,a3@S,a4@F,a5@A,a6@M,a7@T
class@y,a0@P,a1@A,a2@L,a3@S,a4@L,a5@A,a6@M,a7@T
class@y,a0@P,a1@A,a2@L,a3@W,a4@L,a5@A,a6@M,a7@T
class@y,a0@P,a1@A,a2@S,a3@S,a4@L,a5@A,a6@M,a7@T
class@y,a0@P,a1@A,a2@S,a3@W,a4@L,a5@A,a6@M,a7@T
class@y,a0@P,a1@A,a2@V,a3@A,a4@L,a5@A,a6@M,a7@T
class@y,a0@P,a1@A,a2@V,a3@E,a4@L,a5@A,a6@M,a7@T
class@y,a0@P,a1@A,a2@V,a3@G,a4@L,a5@A,a6@M,a7@T
class@y,a0@P,a1@A,a2@V,a3@H,a4@L,a5@A,a6@M,a7@T
class@y,a0@P,a1@A,a2@V,a3@I,a4@F,a5@A,a6@M,a7@T
class@y,a0@P,a1@A,a2@V,a3@I,a4@L,a5@A,a6@M,a7@T
class@y,a0@P,a1@A,a2@V,a3@L,a4@A,a5@A,a6@M,a7@T
class@y,a0@P,a1@A,a2@V,a3@L,a4@F,a5@A,a6@M,a7@T
class@y,a0@P,a1@A,a2@V,a3@L,a4@G,a5@A,a6@M,a7@T
class@y,a0@P,a1@A,a2@V,a3@L,a4@L,a5@A,a6@M,a7@T
class@y,a0@P,a1@A,a2@V,a3@R,a4@L,a5@A,a6@M,a7@T
class@y,a0@P,a1@A,a2@V,a3@S,a4@A,a5@A,a6@M,a7@T
class@y,a0@P,a1@A,a2@V,a3@S,a4@E,a5@A,a6@M,a7@T
class@y,a0@P,a1@A,a2@V,a3@S,a4@F,a5@A,a6@M,a7@T
class@y,a0@P,a1@A,a2@V,a3@S,a4@G,a5@A,a6@M,a7@T
class@y,a0@P,a1@A,a2@V,a3@S,a4@L,a5@A,a6@L,a7@T
class@y,a0@P,a1@A,a2@V,a3@S,a4@L,a5@A,a6@M,a7@T
class@y,a0@P,a1@A,a2@V,a3@S,a4@L,a5@A,a6@N,a7@T
class@y,a0@P,a1@A,a2@V,a3@S,a4@L,a5@A,a6@Y,a7@T
class@y,a0@P,a1@A,a2@V,a3@S,a4@L,a5@G,a6@M,a7@T
class@y,a0@P,a1@A,a2@V,a3@S,a4@L,a5@H,a6@M,a7@T
class@y,a0@P,a1@A,a2@V,a3@S,a4@L,a5@L,a6@M,a7@T
class@y,a0@P,a1@A,a2@V,a3@S,a4@L,a5@S,a6@M,a7@T
class@y,a0@P,a1@A,a2@V,a3@S,a4@Q,a5@A,a6@M,a7@T
class@y,a0@P,a1@A,a2@V,a3@S,a4@R,a5@A,a6@M,a7@T
class@y,a0@P,a1@A,a2@V,a3@S,a4@V,a5@A,a6@M,a7@T
class@y,a0@P,a1@A,a2@V,a3@V,a4@L,a5@A,a6@M,a7@T
class@y,a0@P,a1@A,a2@V,a3@W,a4@A,a5@A,a6@M,a7@T
class@y,a0@P,a1@A,a2@V,a3@W,a4@F,a5@A,a6@M,a7@T
class@y,a0@P,a1@A,a2@V,a3@W,a4@G,a5@A,a6@M,a7@T
class@y,a0@P,a1@A,a2@V,a3@W,a4@L,a5@A,a6@M,a7@T
class@y,a0@P,a1@A,a2@V,a3@W,a4@V,a5@A,a6@M,a7@T
class@y,a0@P,a1@A,a2@W,a3@S,a4@L,a5@A,a6@M,a7@T
class@n,a0@P,a1@C,a2@S,a3@A,a4@L,a5@L,a6@S,a7@S
class@y,a0@P,a1@D,a2@V,a3@S,a4@L,a5@A,a6@M,a7@T
class@y,a0@P,a1@F,a2@A,a3@A,a4@A,a5@Q,a6@Q,a7@R
class@y,a0@P,a1@F,a2@I,a3@F,a4@E,a5@E,a6@E,a7@P
class@y,a0@P,a1@F,a2@V,a3@S,a4@L,a5@A,a6@M,a7@T
class@y,a0@P,a1@G,a2@L,a3@S,a4@L,a5@A,a6@M,a7@T
class@y,a0@P,a1@G,a2@N,a3@F,a4@F,a5@Q,a6@S,a7@R
class@y,a0@P,a1@G,a2@N,a3@F,a4@L,a5@Q,a6@S,a7@R
class@y,a0@P,a1@G,a2@N,a3@F,a4@P,a5@Q,a6@S,a7@R
class@y,a0@P,a1@G,a2@N,a3@F,a4@V,a5@Q,a6@S,a7@R
class@y,a0@P,a1@G,a2@N,a3@L,a4@L,a5@Q,a6@S,a7@R
class@y,a0@P,a1@G,a2@N,a3@Y,a4@L,a5@Q,a6@S,a7@R
class@n,a0@P,a1@G,a2@S,a3@R,a4@N,a5@L,a6@C,a7@N
class@y,a0@P,a1@G,a2@V,a3@S,a4@L,a5@A,a6@M,a7@T
class@y,a0@P,a1@G,a2@V,a3@W,a4@L,a5@A,a6@M,a7@T
class@y,a0@P,a1@H,a2@V,a3@S,a4@L,a5@A,a6@M,a7@T
class@y,a0@P,a1@H,a2@V,a3@W,a4@L,a5@A,a6@M,a7@T
class@y,a0@P,a1@I,a2@V,a3@G,a4@A,a5@E,a6@T,a7@F
class@y,a0@P,a1@K,a2@V,a3@L,a4@V,a5@V,a6@Q,a7@P
class@y,a0@P,a1@L,a2@I,a3@M,a4@A,a5@V,a6@V,a7@N
class@y,a0@P,a1@M,a2@V,a3@G,a4@V,a5@L,a6@D,a7@A
class@n,a0@P,a1@N,a2@C,a3@A,a4@Y,a5@K,a6@T,a7@T
class@y,a0@P,a1@N,a2@V,a3@S,a4@L,a5@A,a6@M,a7@T
class@y,a0@P,a1@P,a2@V,a3@S,a4@L,a5@A,a6@M,a7@T
class@y,a0@P,a1@Q,a2@N,a3@F,a4@L,a5@Q,a6@S,a7@R
class@y,a0@P,a1@Q,a2@N,a3@Y,a4@P,a5@I,a6@V,a7@Q
class@y,a0@P,a1@Q,a2@V,a3@L,a4@P,a5@V,a6@M,a7@H
class@y,a0@P,a1@R,a2@A,a3@S,a4@L,a5@A,a6@M,a7@T
class@y,a0@P,a1@R,a2@G,a3@S,a4@L,a5@A,a6@M,a7@T
class@y,a0@P,a1@R,a2@H,a3@S,a4@L,a5@A,a6@M,a7@T
class@y,a0@P,a1@R,a2@L,a3@S,a4@L,a5@A,a6@M,a7@T
class@y,a0@P,a1@R,a2@N,a3@F,a4@L,a5@Q,a6@S,a7@R
class@y,a0@P,a1@R,a2@N,a3@F,a4@P,a5@V,a6@A,a7@Q
class@y,a0@P,a1@R,a2@V,a3@A,a4@L,a5@A,a6@M,a7@T
class@y,a0@P,a1@R,a2@V,a3@G,a4@L,a5@A,a6@M,a7@T
class@y,a0@P,a1@R,a2@V,a3@L,a4@A,a5@E,a6@A,a7@M
class@y,a0@P,a1@R,a2@V,a3@L,a4@L,a5@A,a6@M,a7@T
class@y,a0@P,a1@R,a2@V,a3@S,a4@L,a5@A,a6@M,a7@T
class@y,a0@P,a1@R,a2@V,a3@W,a4@L,a5@A,a6@M,a7@T
class@y,a0@P,a1@S,a2@V,a3@S,a4@L,a5@A,a6@M,a7@T
class@y,a0@P,a1@S,a2@V,a3@W,a4@L,a5@A,a6@M,a7@T
class@y,a0@P,a1@T,a2@L,a3@L,a4@T,a5@E,a6@A,a7@P
class@y,a0@P,a1@T,a2@V,a3@S,a4@L,a5@A,a6@M,a7@T
class@y,a0@P,a1@T,a2@V,a3@W,a4@L,a5@A,a6@M,a7@T
class@n,a0@P,a1@V,a2@H,a3@F,a4@D,a5@A,a6@S,a7@V
class@y,a0@P,a1@V,a2@I,a3@L,a4@P,a5@I,a6@Q,a7@A
class@n,a0@P,a1@V,a2@N,a3@T,a4@F,a5@V,a6@H,a7@E
class@n,a0@P,a1@Y,a2@V,a3@G,a4@S,a5@G,a6@L,a7@Y
class@n,a0@P,a1@Y,a2@V,a3@P,a4@V,a5@H,a6@F,a7@D
class@y,a0@Q,a1@A,a2@I,a3@Y,a4@L,a5@A,a6@L,a7@Q
class@n,a0@Q,a1@A,a2@N,a3@F,a4@L,a5@G,a6@K,a7@I
class@n,a0@Q,a1@A,a2@N,a3@K,a4@H,a5@I,a6@I,a7@V
class@n,a0@Q,a1@A,a2@T,a3@N,a4@R,a5@N,a6@T,a7@D
class@n,a0@Q,a1@A,a2@V,a3@C,a4@S,a5@Q,a6@K,a7@N
class@n,a0@Q,a1@A,a2@W,a3@I,a4@R,a5@G,a6@C,a7@R
class@y,a0@Q,a1@G,a2@N,a3@F,a4@L,a5@Q,a6@S,a7@R
class@n,a0@Q,a1@H,a2@M,a3@D,a4@S,a5@S,a6@T,a7@S
class@n,a0@Q,a1@I,a2@N,a3@S,a4@R,a5@W,a6@W,a7@C
class@y,a0@Q,a1@I,a2@T,a3@L,a4@P,a5@K,a6@R,a7@P
class@y,a0@Q,a1@I,a2@T,a3@L,a4@W,a5@Q,a6@R,a7@P
class@n,a0@Q,a1@K,a2@N,a3@V,a4@A,a5@C,a6@K,a7@N
class@n,a0@Q,a1@L,a2@S,a3@A,a4@L,a5@V,a6@P,a7@K
class@y,a0@Q,a1@M,a2@I,a3@F,a4@E,a5@E,a6@H,a7@G
class@n,a0@Q,a1@M,a2@M,a3@K,a4@S,a5@R,a6@N,a7@L
class@n,a0@Q,a1@S,a2@Y,a3@S,a4@T,a5@M,a6@S,a7@I
class@n,a0@Q,a1@T,a2@N,a3@C,a4@Y,a5@Q,a6@S,a7@Y
class@n,a0@R,a1@C,a2@E,a3@L,a4@A,a5@A,a6@A,a7@M
class@n,a0@R,a1@C,a2@K,a3@G,a4@T,a5@D,a6@V,a7@Q
class@n,a0@R,a1@C,a2@K,a3@P,a4@V,a5@N,a6@T,a7@F
class@y,a0@R,a1@E,a2@A,a3@F,a4@R,a5@V,a6@F,a7@D
class@n,a0@R,a1@E,a2@T,a3@G,a4@S,a5@S,a6@K,a7@Y
class@n,a0@R,a1@G,a2@Y,a3@S,a4@L,a5@G,a6@N,a7@W
class@n,a0@R,a1@H,a2@G,a3@L,a4@D,a5@N,a6@Y,a7@R
class@n,a0@R,a1@I,a2@N,a3@V,a4@A,a5@L,a6@V,a7@P
class@y,a0@R,a1@K,a2@I,a3@L,a4@F,a5@L,a6@D,a7@G
class@y,a0@R,a1@K,a2@V,a3@L,a4@F,a5@L,a6@D,a7@G
class@n,a0@R,a1@N,a2@L,a3@C,a4@N,a5@I,a6@P,a7@C
class@n,a0@R,a1@N,a2@L,a3@T,a4@K,a5@D,a6@R,a7@C
class@n,a0@R,a1@N,a2@R,a3@C,a4@K,a5@G,a6@T,a7@D
class@n,a0@R,a1@N,a2@T,a3@D,a4@G,a5@S,a6@T,a7@D
class@y,a0@R,a1@Q,a2@A,a3@N,a4@F,a5@L,a6@G,a7@K
class@n,a0@R,a1@Q,a2@H,a3@M,a4@D,a5@S,a6@S,a7@T
class@y,a0@R,a1@Q,a2@N,a3@Y,a4@P,a5@I,a6@A,a7@L
class@y,a0@R,a1@Q,a2@N,a3@Y,a4@P,a5@I,a6@V,a7@Q
class@y,a0@R,a1@Q,a2@V,a3@L,a4@F,a5@L,a6@E,a7@K
class@y,a0@R,a1@Q,a2@V,a3@N,a4@F,a5@L,a6@G,a7@K
class@y,a0@R,a1@R,a2@A,a3@N,a4@F,a5@L,a6@G,a7@K
class@y,a0@R,a1@R,a2@V,a3@L,a4@A,a5@E,a6@A,a7@M
class@y,a0@R,a1@R,a2@V,a3@N,a4@F,a5@L,a6@G,a7@K
class@n,a0@R,a1@T,a2@P,a3@G,a4@S,a5@R,a6@N,a7@L
class@n,a0@R,a1@V,a2@N,a3@V,a4@V,a5@N,a6@G,a7@K
class@n,a0@R,a1@V,a2@Q,a3@V,a4@V,a5@N,a6@G,a7@K
class@n,a0@R,a1@W,a2@W,a3@C,a4@N,a5@D,a6@G,a7@R
class@n,a0@S,a1@A,a2@A,a3@S,a4@S,a5@S,a6@N,a7@Y
class@n,a0@S,a1@A,a2@L,a3@L,a4@S,a5@S,a6@D,a7@I
class@y,a0@S,a1@C,a2@N,a3@F,a4@P,a5@Q,a6@I,a7@T
class@y,a0@S,a1@D,a2@A,a3@Y,a4@Y,a5@A,a6@D,a7@S
class@y,a0@S,a1@D,a2@A,a3@Y,a4@Y,a5@T,a6@D,a7@S
class@y,a0@S,a1@D,a2@C,a3@Y,a4@Y,a5@C,a6@D,a7@S
class@y,a0@S,a1@D,a2@C,a3@Y,a4@Y,a5@T,a6@D,a7@S
class@y,a0@S,a1@D,a2@E,a3@Y,a4@Y,a5@E,a6@D,a7@S
class@y,a0@S,a1@D,a2@E,a3@Y,a4@Y,a5@T,a6@D,a7@S
class@n,a0@S,a1@D,a2@G,a3@N,a4@G,a5@M,a6@N,a7@A
class@y,a0@S,a1@D,a2@G,a3@Y,a4@Y,a5@T,a6@D,a7@S
class@n,a0@S,a1@D,a2@I,a3@T,a4@A,a5@S,a6@V,a7@N
class@y,a0@S,a1@D,a2@I,a3@Y,a4@Y,a5@T,a6@D,a7@S
class@y,a0@S,a1@D,a2@L,a3@Y,a4@Y,a5@T,a6@D,a7@S
class@y,a0@S,a1@D,a2@N,a3@Y,a4@P,a5@I,a6@V,a7@Q
class@y,a0@S,a1@D,a2@T,a3@Y,a4@Y,a5@A,a6@D,a7@S
class@y,a0@S,a1@D,a2@T,a3@Y,a4@Y,a5@C,a6@D,a7@S
class@y,a0@S,a1@D,a2@T,a3@Y,a4@Y,a5@E,a6@D,a7@S
class@y,a0@S,a1@D,a2@T,a3@Y,a4@Y,a5@G,a6@D,a7@S
class@y,a0@S,a1@D,a2@T,a3@Y,a4@Y,a5@I,a6@D,a7@S
class@y,a0@S,a1@D,a2@T,a3@Y,a4@Y,a5@L,a6@D,a7@S
class@y,a0@S,a1@D,a2@T,a3@Y,a4@Y,a5@T,a6@D,a7@Q
class@y,a0@S,a1@D,a2@T,a3@Y,a4@Y,a5@T,a6@D,a7@S
class@y,a0@S,a1@D,a2@T,a3@Y,a4@Y,a5@T,a6@F,a7@S
class@y,a0@S,a1@D,a2@T,a3@Y,a4@Y,a5@T,a6@G,a7@S
class@y,a0@S,a1@D,a2@T,a3@Y,a4@Y,a5@T,a6@L,a7@S
class@y,a0@S,a1@D,a2@T,a3@Y,a4@Y,a5@T,a6@Q,a7@S
class@y,a0@S,a1@E,a2@E,a3@Y,a4@P,a5@I,a6@M,a7@I
class@y,a0@S,a1@F,a2@I,a3@G,a4@M,a5@E,a6@S,a7@A
class@y,a0@S,a1@F,a2@N,a3@F,a4@G,a5@Q,a6@I,a7@T
class@y,a0@S,a1@F,a2@N,a3@F,a4@L,a5@Q,a6@I,a7@T
class@y,a0@S,a1@F,a2@N,a3@F,a4@P,a5@L,a6@I,a7@T
class@y,a0@S,a1@F,a2@N,a3@F,a4@P,a5@P,a6@I,a7@T
class@y,a0@S,a1@F,a2@N,a3@F,a4@P,a5@Q,a6@D,a7@T
class@y,a0@S,a1@F,a2@N,a3@F,a4@P,a5@Q,a6@I,a7@I
class@y,a0@S,a1@F,a2@N,a3@F,a4@P,a5@Q,a6@I,a7@T
class@y,a0@S,a1@F,a2@N,a3@F,a4@P,a5@Q,a6@V,a7@T
class@y,a0@S,a1@F,a2@N,a3@S,a4@P,a5@Q,a6@I,a7@T
class@y,a0@S,a1@F,a2@N,a3@Y,a4@P,a5@Q,a6@I,a7@T
class@y,a0@S,a1@F,a2@T,a3@F,a4@P,a5@Q,a6@I,a7@T
class@y,a0@S,a1@F,a2@T,a3@Y,a4@Y,a5@T,a6@D,a7@S
class@y,a0@S,a1@F,a2@V,a3@F,a4@V,a5@V,a6@N,a7@G
class@y,a0@S,a1@F,a2@Y,a3@F,a4@P,a5@Q,a6@I,a7@T
class@y,a0@S,a1@G,a2@A,a3@F,a4@M,a5@T,a6@R,a7@G
class@n,a0@S,a1@G,a2@A,a3@L,a4@T,a5@N,a6@A,a7@V
class@n,a0@S,a1@G,a2@A,a3@M,a4@V,a5@N,a6@Q,a7@A
class@y,a0@S,a1@G,a2@A,a3@Y,a4@L,a5@I,a6@Q,a7@G
class@n,a0@S,a1@G,a2@G,a3@R,a4@I,a5@N,a6@V,a7@A
class@y,a0@S,a1@G,a2@I,a3@F,a4@L,a5@E,a6@T,a7@S
class@y,a0@S,a1@G,a2@I,a3@F,a4@V,a5@V,a6@N,a7@G
class@y,a0@S,a1@G,a2@I,a3@M,a4@F,a5@E,a6@S,a7@N
class@y,a0@S,a1@G,a2@I,a3@M,a4@F,a5@Q,a6@S,a7@A
class@y,a0@S,a1@G,a2@I,a3@N,a4@F,a5@E,a6@S,a7@G
class@y,a0@S,a1@G,a2@I,a3@Y,a4@L,a5@V,a6@E,a7@N
class@y,a0@S,a1@G,a2@I,a3@Y,a4@T,a5@V,a6@Q,a7@S
class@y,a0@S,a1@G,a2@I,a3@Y,a4@Y,a5@S,a6@V,a7@S
class@y,a0@S,a1@G,a2@L,a3@F,a4@T,a5@E,a6@Y,a7@G
class@n,a0@S,a1@G,a2@L,a3@T,a4@M,a5@V,a6@T,a7@Q
class@y,a0@S,a1@G,a2@L,a3@Y,a4@Y,a5@V,a6@T,a7@E
class@y,a0@S,a1@G,a2@M,a3@W,a4@F,a5@E,a6@A,a7@P
class@y,a0@S,a1@G,a2@N,a3@F,a4@A,a5@A,a6@F,a7@S
class@y,a0@S,a1@G,a2@N,a3@F,a4@V,a5@V,a6@N,a7@G
class@y,a0@S,a1@G,a2@N,a3@M,a4@L,a5@V,a6@Y,a7@S
class@y,a0@S,a1@G,a2@N,a3@M,a4@V,a5@M,a6@F,a7@G
class@y,a0@S,a1@G,a2@N,a3@Y,a4@F,a5@V,a6@E,a7@T
class@y,a0@S,a1@G,a2@N,a3@Y,a4@F,a5@V,a6@Q,a7@G
class@y,a0@S,a1@G,a2@N,a3@Y,a4@L,a5@V,a6@T,a7@S
class@y,a0@S,a1@G,a2@S,a3@Y,a4@V,a5@E,a6@Y,a7@Q
class@y,a0@S,a1@G,a2@T,a3@F,a4@Q,a5@V,a6@Q,a7@L
class@n,a0@S,a1@G,a2@T,a3@W,a4@M,a5@V,a6@H,a7@S
class@y,a0@S,a1@G,a2@T,a3@Y,a4@Y,a5@T,a6@D,a7@S
class@y,a0@S,a1@G,a2@T,a3@Y,a4@Y,a5@T,a6@G,a7@S
class@y,a0@S,a1@G,a2@V,a3@F,a4@A,a5@V,a6@T,a7@Q
class@y,a0@S,a1@G,a2@V,a3@F,a4@H,a5@V,a6@N,a7@G
class@y,a0@S,a1@G,a2@V,a3@F,a4@Q,a5@V,a6@N,a7@G
class@n,a0@S,a1@G,a2@V,a3@F,a4@S,a5@V,a6@N,a7@G
class@y,a0@S,a1@G,a2@V,a3@F,a4@T,a5@E,a6@E,a7@R
class@y,a0@S,a1@G,a2@V,a3@F,a4@V,a5@E,a6@M,a7@P
class@y,a0@S,a1@G,a2@V,a3@F,a4@V,a5@E,a6@N,a7@G
class@y,a0@S,a1@G,a2@V,a3@F,a4@V,a5@E,a6@T,a7@S
class@n,a0@S,a1@G,a2@V,a3@F,a4@V,a5@N,a6@N,a7@G
class@y,a0@S,a1@G,a2@V,a3@F,a4@V,a5@Q,a6@N,a7@G
class@y,a0@S,a1@G,a2@V,a3@F,a4@V,a5@V,a6@N,a7@G
class@y,a0@S,a1@G,a2@V,a3@F,a4@V,a5@V,a6@Q,a7@G
class@y,a0@S,a1@G,a2@V,a3@F,a4@V,a5@V,a6@T,a7@G
class@y,a0@S,a1@G,a2@V,a3@F,a4@Y,a5@S,a6@R,a7@E
class@n,a0@S,a1@G,a2@V,a3@F,a4@Y,a5@T,a6@L,a7@V
class@y,a0@S,a1@G,a2@V,a3@H,a4@F,a5@I,a6@S,a7@R
class@y,a0@S,a1@G,a2@V,a3@H,a4@V,a5@E,a6@Y,a7@T
class@y,a0@S,a1@G,a2@V,a3@L,a4@F,a5@V,a6@S,a7@S
class@y,a0@S,a1@G,a2@V,a3@M,a4@F,a5@Q,a6@T,a7@D
class@y,a0@S,a1@G,a2@V,a3@M,a4@P,a5@T,a6@M,a7@S
class@n,a0@S,a1@G,a2@V,a3@N,a4@V,a5@V,a6@N,a7@G
class@n,a0@S,a1@G,a2@V,a3@Q,a4@V,a5@V,a6@N,a7@G
class@y,a0@S,a1@G,a2@V,a3@Y,a4@H,a5@V,a6@S,a7@T
class@y,a0@S,a1@G,a2@V,a3@Y,a4@L,a5@A,a6@T,a7@D
class@n,a0@S,a1@G,a2@V,a3@Y,a4@Q,a5@L,a6@S,a7@A
class@n,a0@S,a1@I,a2@T,a3@D,a4@C,a5@R,a6@E,a7@T
class@y,a0@S,a1@K,a2@A,a3@F,a4@L,a5@A,a6@D,a7@T
class@y,a0@S,a1@K,a2@D,a3@L,a4@I,a5@A,a6@E,a7@I
class@n,a0@S,a1@K,a2@L,a3@L,a4@A,a5@T,a6@V,a7@V
class@y,a0@S,a1@K,a2@N,a3@Y,a4@P,a5@I,a6@V,a7@Q
class@y,a0@S,a1@K,a2@V,a3@L,a4@V,a5@V,a6@Q,a7@P
class@n,a0@S,a1@K,a2@Y,a3@P,a4@N,a5@C,a6@A,a7@Y
class@n,a0@S,a1@L,a2@A,a3@D,a4@V,a5@Q,a6@A,a7@V
class@n,a0@S,a1@L,a2@G,a3@N,a4@W,a5@V,a6@C,a7@A
class@y,a0@S,a1@L,a2@N,a3@L,a4@P,a5@V,a6@A,a7@K
class@y,a0@S,a1@L,a2@N,a3@L,a4@R,a5@E,a6@T,a7@N
class@y,a0@S,a1@L,a2@T,a3@Y,a4@Y,a5@T,a6@D,a7@S
class@n,a0@S,a1@N,a2@F,a3@N,a4@T,a5@Q,a6@A,a7@T
class@y,a0@S,a1@N,a2@N,a3@Y,a4@P,a5@I,a6@V,a7@Q
class@n,a0@S,a1@N,a2@Y,a3@C,a4@N,a5@Q,a6@M,a7@M
class@y,a0@S,a1@Q,a2@A,a3@F,a4@P,a5@L,a6@R,a7@A
class@y,a0@S,a1@Q,a2@A,a3@Y,a4@P,a5@I,a6@V,a7@Q
class@y,a0@S,a1@Q,a2@C,a3@Y,a4@P,a5@I,a6@V,a7@Q
class@y,a0@S,a1@Q,a2@I,a3@Y,a4@P,a5@I,a6@V,a7@Q
class@n,a0@S,a1@Q,a2@K,a3@N,a4@V,a5@A,a6@C,a7@K
class@n,a0@S,a1@Q,a2@K,a3@Y,a4@P,a5@I,a6@V,a7@Q
class@y,a0@S,a1@Q,a2@L,a3@Y,a4@P,a5@I,a6@V,a7@Q
class@y,a0@S,a1@Q,a2@N,a3@F,a4@P,a5@I,a6@V,a7@Q
class@y,a0@S,a1@Q,a2@N,a3@M,a4@P,a5@I,a6@V,a7@Q
class@n,a0@S,a1@Q,a2@N,a3@P,a4@P,a5@I,a6@V,a7@Q
class@n,a0@S,a1@Q,a2@N,a3@S,a4@P,a5@I,a6@V,a7@Q
class@y,a0@S,a1@Q,a2@N,a3@Y,a4@A,a5@I,a6@V,a7@Q
class@n,a0@S,a1@Q,a2@N,a3@Y,a4@D,a5@I,a6@V,a7@Q
class@n,a0@S,a1@Q,a2@N,a3@Y,a4@K,a5@I,a6@V,a7@Q
class@y,a0@S,a1@Q,a2@N,a3@Y,a4@L,a5@I,a6@V,a7@Q
class@y,a0@S,a1@Q,a2@N,a3@Y,a4@P,a5@A,a6@V,a7@Q
class@y,a0@S,a1@Q,a2@N,a3@Y,a4@P,a5@I,a6@D,a7@Q
class@y,a0@S,a1@Q,a2@N,a3@Y,a4@P,a5@I,a6@E,a7@Q
class@y,a0@S,a1@Q,a2@N,a3@Y,a4@P,a5@I,a6@F,a7@Q
class@y,a0@S,a1@Q,a2@N,a3@Y,a4@P,a5@I,a6@I,a7@Q
class@y,a0@S,a1@Q,a2@N,a3@Y,a4@P,a5@I,a6@L,a7@Q
class@y,a0@S,a1@Q,a2@N,a3@Y,a4@P,a5@I,a6@V,a7@E
class@y,a0@S,a1@Q,a2@N,a3@Y,a4@P,a5@I,a6@V,a7@L
class@y,a0@S,a1@Q,a2@N,a3@Y,a4@P,a5@I,a6@V,a7@P
class@y,a0@S,a1@Q,a2@N,a3@Y,a4@P,a5@I,a6@V,a7@Q
class@n,a0@S,a1@Q,a2@N,a3@Y,a4@P,a5@K,a6@V,a7@Q
class@y,a0@S,a1@Q,a2@N,a3@Y,a4@P,a5@L,a6@V,a7@Q
class@y,a0@S,a1@Q,a2@N,a3@Y,a4@P,a5@N,a6@V,a7@Q
class@y,a0@S,a1@Q,a2@N,a3@Y,a4@P,a5@T,a6@V,a7@Q
class@y,a0@S,a1@Q,a2@N,a3@Y,a4@P,a5@V,a6@V,a7@Q
class@y,a0@S,a1@Q,a2@N,a3@Y,a4@T,a5@I,a6@V,a7@Q
class@y,a0@S,a1@Q,a2@N,a3@Y,a4@Y,a5@I,a6@D,a7@Q
class@y,a0@S,a1@Q,a2@N,a3@Y,a4@Y,a5@I,a6@V,a7@Q
class@y,a0@S,a1@Q,a2@N,a3@Y,a4@Y,a5@N,a6@Q,a7@S
class@y,a0@S,a1@Q,a2@N,a3@Y,a4@Y,a5@T,a6@D,a7@Q
class@y,a0@S,a1@Q,a2@N,a3@Y,a4@Y,a5@T,a6@V,a7@Q
class@n,a0@S,a1@Q,a2@Q,a3@Y,a4@P,a5@I,a6@V,a7@Q
class@y,a0@S,a1@Q,a2@T,a3@Y,a4@P,a5@I,a6@V,a7@Q
class@y,a0@S,a1@Q,a2@T,a3@Y,a4@Y,a5@I,a6@D,a7@Q
class@y,a0@S,a1@Q,a2@T,a3@Y,a4@Y,a5@I,a6@V,a7@Q
class@y,a0@S,a1@Q,a2@T,a3@Y,a4@Y,a5@T,a6@D,a7@Q
class@y,a0@S,a1@Q,a2@T,a3@Y,a4@Y,a5@T,a6@D,a7@S
class@y,a0@S,a1@Q,a2@T,a3@Y,a4@Y,a5@T,a6@Q,a7@S
class@y,a0@S,a1@Q,a2@T,a3@Y,a4@Y,a5@T,a6@V,a7@Q
class@y,a0@S,a1@Q,a2@V,a3@Y,a4@P,a5@I,a6@V,a7@Q
class@n,a0@S,a1@R,a2@N,a3@L,a4@C,a5@N,a6@I,a7@P
class@n,a0@S,a1@R,a2@N,a3@L,a4@T,a5@K,a6@D,a7@R
class@y,a0@S,a1@R,a2@S,a3@L,a4@Y,a5@A,a6@S,a7@S
class@n,a0@S,a1@R,a2@V,a3@N,a4@V,a5@V,a6@N,a7@G
class@n,a0@S,a1@R,a2@V,a3@Q,a4@V,a5@V,a6@N,a7@G
class@n,a0@S,a1@R,a2@W,a3@W,a4@C,a5@N,a6@D,a7@G
class@n,a0@S,a1@S,a2@D,a3@I,a4@T,a5@A,a6@S,a7@V
class@n,a0@S,a1@S,a2@K,a3@Y,a4@P,a5@N,a6@C,a7@A
class@y,a0@S,a1@S,a2@L,a3@Y,a4@P,a5@A,a6@L,a7@T
class@n,a0@S,a1@S,a2@N,a3@Y,a4@C,a5@N,a6@Q,a7@M
class@n,a0@S,a1@S,a2@S,a3@N,a4@Y,a5@C,a6@N,a7@Q
class@n,a0@S,a1@S,a2@T,a3@S,a4@A,a5@A,a6@S,a7@S
class@n,a0@S,a1@T,a2@D,a3@Y,a4@G,a5@I,a6@L,a7@Q
class@n,a0@S,a1@T,a2@L,a3@L,a4@I,a5@E,a6@N,a7@S
class@n,a0@S,a1@T,a2@M,a3@S,a4@I,a5@T,a6@D,a7@C
class@n,a0@S,a1@T,a2@S,a3@A,a4@A,a5@S,a6@S,a7@S
class@n,a0@S,a1@V,a2@N,a3@C,a4@A,a5@K,a6@K,a7@I
class@y,a0@S,a1@Y,a2@N,a3@F,a4@P,a5@Q,a6@I,a7@T
class@n,a0@S,a1@Y,a2@S,a3@T,a4@M,a5@S,a6@I,a7@T
class@n,a0@T,a1@A,a2@A,a3@A,a4@K,a5@F,a6@E,a7@R
class@n,a0@T,a1@A,a2@S,a3@V,a4@N,a5@C,a6@A,a7@K
class@y,a0@T,a1@A,a2@V,a3@L,a4@V,a5@V,a6@Q,a7@P
class@n,a0@T,a1@D,a2@C,a3@R,a4@E,a5@T,a6@G,a7@S
class@n,a0@T,a1@D,a2@G,a3@S,a4@T,a5@D,a6@Y,a7@G
class@y,a0@T,a1@D,a2@V,a3@L,a4@V,a5@V,a6@Q,a7@P
class@n,a0@T,a1@D,a2@V,a3@Q,a4@A,a5@W,a6@I,a7@R
class@n,a0@T,a1@D,a2@Y,a3@G,a4@I,a5@L,a6@Q,a7@I
class@y,a0@T,a1@F,a2@N,a3@F,a4@P,a5@Q,a6@I,a7@T
class@y,a0@T,a1@F,a2@T,a3@F,a4@P,a5@V,a6@V,a7@F
class@n,a0@T,a1@F,a2@V,a3@H,a4@E,a5@S,a6@L,a7@A
class@y,a0@T,a1@F,a2@V,a3@L,a4@V,a5@V,a6@Q,a7@P
class@n,a0@T,a1@G,a2@S,a3@S,a4@K,a5@Y,a6@P,a7@N
class@y,a0@T,a1@G,a2@V,a3@L,a4@V,a5@V,a6@Q,a7@P
class@y,a0@T,a1@K,a2@A,a3@L,a4@V,a5@V,a6@Q,a7@P
class@y,a0@T,a1@K,a2@D,a3@L,a4@V,a5@V,a6@Q,a7@P
class@n,a0@T,a1@K,a2@D,a3@R,a4@C,a5@K,a6@P,a7@V
class@y,a0@T,a1@K,a2@F,a3@L,a4@V,a5@V,a6@Q,a7@P
class@y,a0@T,a1@K,a2@I,a3@L,a4@V,a5@V,a6@Q,a7@P
class@n,a0@T,a1@K,a2@K,a3@L,a4@V,a5@V,a6@Q,a7@P
class@y,a0@T,a1@K,a2@L,a3@L,a4@V,a5@V,a6@Q,a7@P
class@y,a0@T,a1@K,a2@N,a3@L,a4@V,a5@V,a6@Q,a7@P
class@y,a0@T,a1@K,a2@V,a3@A,a4@V,a5@V,a6@Q,a7@P
class@y,a0@T,a1@K,a2@V,a3@F,a4@V,a5@V,a6@Q,a7@P
class@y,a0@T,a1@K,a2@V,a3@G,a4@V,a5@V,a6@Q,a7@P
class@n,a0@T,a1@K,a2@V,a3@K,a4@V,a5@V,a6@Q,a7@P
class@y,a0@T,a1@K,a2@V,a3@L,a4@F,a5@V,a6@Q,a7@P
class@y,a0@T,a1@K,a2@V,a3@L,a4@I,a5@V,a6@Q,a7@P
class@n,a0@T,a1@K,a2@V,a3@L,a4@K,a5@V,a6@Q,a7@P
class@y,a0@T,a1@K,a2@V,a3@L,a4@L,a5@V,a6@Q,a7@P
class@y,a0@T,a1@K,a2@V,a3@L,a4@P,a5@V,a6@Q,a7@P
class@y,a0@T,a1@K,a2@V,a3@L,a4@S,a5@V,a6@Q,a7@P
class@y,a0@T,a1@K,a2@V,a3@L,a4@V,a5@V,a6@Q,a7@P
class@y,a0@T,a1@K,a2@V,a3@M,a4@V,a5@V,a6@Q,a7@P
class@y,a0@T,a1@K,a2@V,a3@Y,a4@V,a5@V,a6@Q,a7@P
class@y,a0@T,a1@L,a2@N,a3@F,a4@P,a5@I,a6@S,a7@P
class@y,a0@T,a1@L,a2@N,a3@F,a4@P,a5@Q,a6@I,a7@T
class@y,a0@T,a1@L,a2@V,a3@L,a4@V,a5@V,a6@Q,a7@P
class@n,a0@T,a1@M,a2@S,a3@I,a4@T,a5@D,a6@C,a7@R
class@n,a0@T,a1@M,a2@V,a3@T,a4@Q,a5@L,a6@V,a7@P
class@n,a0@T,a1@N,a2@A,a3@V,a4@L,a5@V,a6@P,a7@K
class@n,a0@T,a1@N,a2@C,a3@Y,a4@Q,a5@S,a6@Y,a7@S
class@n,a0@T,a1@N,a2@R,a3@N,a4@T,a5@D,a6@G,a7@S
class@n,a0@T,a1@P,a2@G,a3@S,a4@R,a5@N,a6@L,a7@C
class@n,a0@T,a1@Q,a2@A,a3@N,a4@K,a5@H,a6@I,a7@I
class@n,a0@T,a1@Q,a2@A,a3@T,a4@N,a5@R,a6@N,a7@T
class@y,a0@T,a1@Q,a2@D,a3@F,a4@W,a5@E,a6@V,a7@Q
class@y,a0@T,a1@Q,a2@I,a3@M,a4@F,a5@E,a6@T,a7@F
class@y,a0@T,a1@Q,a2@N,a3@Y,a4@P,a5@I,a6@V,a7@Q
class@n,a0@T,a1@S,a2@A,a3@A,a4@S,a5@S,a6@S,a7@N
class@y,a0@T,a1@S,a2@C,a3@Y,a4@C,a5@H,a6@G,a7@T
class@n,a0@T,a1@S,a2@L,a3@L,a4@T,a5@L,a6@D,a7@D
class@y,a0@T,a1@S,a2@V,a3@L,a4@V,a5@V,a6@Q,a7@P
class@n,a0@T,a1@T,a2@Q,a3@A,a4@N,a5@K,a6@H,a7@I
class@y,a0@T,a1@V,a2@V,a3@L,a4@V,a5@V,a6@Q,a7@P
class@n,a0@T,a1@W,a2@M,a3@V,a4@H,a5@S,a6@L,a7@V
class@n,a0@V,a1@A,a2@C,a3@E,a4@G,a5@N,a6@P,a7@Y
class@n,a0@V,a1@A,a2@C,a3@K,a4@N,a5@G,a6@Q,a7@T
class@n,a0@V,a1@A,a2@W,a3@R,a4@N,a5@R,a6@C,a7@K
class@n,a0@V,a1@C,a2@A,a3@A,a4@K,a5@F,a6@E,a7@S
class@n,a0@V,a1@C,a2@S,a3@Q,a4@K,a5@N,a6@V,a7@A
class@y,a0@V,a1@E,a2@I,a3@C,a4@T,a5@E,a6@M,a7@E
class@y,a0@V,a1@E,a2@V,a3@A,a4@E,a5@E,a6@E,a7@E
class@n,a0@V,a1@F,a2@G,a3@R,a4@C,a5@E,a6@L,a7@A
class@n,a0@V,a1@F,a2@S,a3@V,a4@N,a5@G,a6@L,a7@V
class@n,a0@V,a1@F,a2@V,a3@N,a4@N,a5@G,a6@L,a7@V
class@n,a0@V,a1@H,a2@E,a3@S,a4@L,a5@A,a6@D,a7@V
class@y,a0@V,a1@K,a2@V,a3@L,a4@V,a5@V,a6@Q,a7@P
class@n,a0@V,a1@N,a2@C,a3@A,a4@K,a5@K,a6@I,a7@V
class@n,a0@V,a1@N,a2@Q,a3@A,a4@L,a5@V,a6@P,a7@K
class@n,a0@V,a1@N,a2@T,a3@F,a4@V,a5@H,a6@E,a7@S
class@n,a0@V,a1@P,a2@V,a3@H,a4@F,a5@D,a6@A,a7@S
class@n,a0@V,a1@Q,a2@A,a3@V,a4@C,a5@S,a6@Q,a7@K
class@n,a0@V,a1@Q,a2@A,a3@W,a4@I,a5@R,a6@G,a7@C
class@n,a0@V,a1@S,a2@D,a3@G,a4@N,a5@G,a6@M,a7@N
class@n,a0@V,a1@V,a2@A,a3@M,a4@P,a5@V,a6@V,a7@I
class@n,a0@V,a1@Y,a2@Q,a3@L,a4@S,a5@A,a6@L,a7@V
class@n,a0@W,a1@C,a2@N,a3@D,a4@G,a5@R,a6@T,a7@P
class@n,a0@W,a1@M,a2@V,a3@H,a4@S,a5@L,a6@V,a7@P
class@n,a0@W,a1@R,a2@N,a3@R,a4@C,a5@K,a6@G,a7@T
class@n,a0@W,a1@V,a2@A,a3@W,a4@R,a5@N,a6@R,a7@C
class@n,a0@W,a1@V,a2@C,a3@A,a4@A,a5@K,a6@F,a7@E
class@n,a0@W,a1@W,a2@C,a3@N,a4@D,a5@G,a6@R,a7@T
class@n,a0@Y,a1@C,a2@N,a3@Q,a4@M,a5@M,a6@K,a7@S
class@y,a0@Y,a1@E,a2@E,a3@F,a4@V,a5@Q,a6@M,a7@M
class@y,a0@Y,a1@F,a2@N,a3@F,a4@P,a5@Q,a6@I,a7@T
class@n,a0@Y,a1@G,a2@I,a3@L,a4@Q,a5@I,a6@N,a7@S
class@n,a0@Y,a1@K,a2@T,a3@T,a4@Q,a5@A,a6@N,a7@K
class@n,a0@Y,a1@P,a2@N,a3@C,a4@A,a5@Y,a6@K,a7@T
class@n,a0@Y,a1@Q,a2@L,a3@S,a4@A,a5@L,a6@V,a7@P
class@n,a0@Y,a1@Q,a2@S,a3@Y,a4@S,a5@T,a6@M,a7@S
class@n,a0@Y,a1@R,a2@G,a3@Y,a4@S,a5@L,a6@G,a7@N
class@n,a0@Y,a1@S,a2@L,a3@G,a4@N,a5@W,a6@V,a7@C
class@n,a0@Y,a1@S,a2@T,a3@M,a4@S,a5@I,a6@T,a7@D
class@n,a0@Y,a1@V,a2@P,a3@V,a4@H,a5@F,a6@D,a7@A
