a0@x,a1@x,a2@x,a3@x,a4@o,a5@o,a6@x,a7@o,a8@o,class@p
a0@x,a1@x,a2@x,a3@x,a4@o,a5@o,a6@o,a7@x,a8@o,class@p
a0@x,a1@x,a2@x,a3@x,a4@o,a5@o,a6@o,a7@o,a8@x,class@p
a0@x,a1@x,a2@x,a3@x,a4@o,a5@o,a6@o,a7@b,a8@b,class@p
a0@x,a1@x,a2@x,a3@x,a4@o,a5@o,a6@b,a7@o,a8@b,class@p
a0@x,a1@x,a2@x,a3@x,a4@o,a5@o,a6@b,a7@b,a8@o,class@p
a0@x,a1@x,a2@x,a3@x,a4@o,a5@b,a6@o,a7@o,a8@b,class@p
a0@x,a1@x,a2@x,a3@x,a4@o,a5@b,a6@o,a7@b,a8@o,class@p
a0@x,a1@x,a2@x,a3@x,a4@o,a5@b,a6@b,a7@o,a8@o,class@p
a0@x,a1@x,a2@x,a3@x,a4@b,a5@o,a6@o,a7@o,a8@b,class@p
a0@x,a1@x,a2@x,a3@x,a4@b,a5@o,a6@o,a7@b,a8@o,class@p
a0@x,a1@x,a2@x,a3@x,a4@b,a5@o,a6@b,a7@o,a8@o,class@p
a0@x,a1@x,a2@x,a3@o,a4@x,a5@o,a6@x,a7@o,a8@o,class@p
a0@x,a1@x,a2@x,a3@o,a4@x,a5@o,a6@o,a7@x,a8@o,class@p
a0@x,a1@x,a2@x,a3@o,a4@x,a5@o,a6@o,a7@o,a8@x,class@p
a0@x,a1@x,a2@x,a3@o,a4@x,a5@o,a6@o,a7@b,a8@b,class@p
a0@x,a1@x,a2@x,a3@o,a4@x,a5@o,a6@b,a7@o,a8@b,class@p
a0@x,a1@x,a2@x,a3@o,a4@x,a5@o,a6@b,a7@b,a8@o,class@p
a0@x,a1@x,a2@x,a3@o,a4@x,a5@b,a6@o,a7@o,a8@b,class@p
a0@x,a1@x,a2@x,a3@o,a4@x,a5@b,a6@o,a7@b,a8@o,class@p
a0@x,a1@x,a2@x,a3@o,a4@x,a5@b,a6@b,a7@o,a8@o,class@p
a0@x,a1@x,a2@x,a3@o,a4@o,a5@x,a6@x,a7@o,a8@o,class@p
a0@x,a1@x,a2@x,a3@o,a4@o,a5@x,a6@o,a7@x,a8@o,class@p
a0@x,a1@x,a2@x,a3@o,a4@o,a5@x,a6@o,a7@o,a8@x,class@p
a0@x,a1@x,a2@x,a3@o,a4@o,a5@x,a6@o,a7@b,a8@b,class@p
a0@x,a1@x,a2@x,a3@o,a4@o,a5@x,a6@b,a7@o,a8@b,class@p
a0@x,a1@x,a2@x,a3@o,a4@o,a5@x,a6@b,a7@b,a8@o,class@p
a0@x,a1@x,a2@x,a3@o,a4@o,a5@b,a6@x,a7@o,a8@b,class@p
a0@x,a1@x,a2@x,a3@o,a4@o,a5@b,a6@x,a7@b,a8@o,class@p
a0@x,a1@x,a2@x,a3@o,a4@o,a5@b,a6@o,a7@x,a8@b,class@p
a0@x,a1@x,a2@x,a3@o,a4@o,a5@b,a6@o,a7@b,a8@x,class@p
a0@x,a1@x,a2@x,a3@o,a4@o,a5@b,a6@b,a7@x,a8@o,class@p
a0@x,a1@x,a2@x,a3@o,a4@o,a5@b,a6@b,a7@o,a8@x,class@p
a0@x,a1@x,a2@x,a3@o,a4@o,a5@b,a6@b,a7@b,a8@b,class@p
a0@x,a1@x,a2@x,a3@o,a4@b,a5@x,a6@o,a7@o,a8@b,class@p
a0@x,a1@x,a2@x,a3@o,a4@b,a5@x,a6@o,a7@b,a8@o,class@p
a0@x,a1@x,a2@x,a3@o,a4@b,a5@x,a6@b,a7@o,a8@o,class@p
a0@x,a1@x,a2@x,a3@o,a4@b,a5@o,a6@x,a7@o,a8@b,class@p
a0@x,a1@x,a2@x,a3@o,a4@b,a5@o,a6@x,a7@b,a8@o,class@p
a0@x,a1@x,a2@x,a3@o,a4@b,a5@o,a6@o,a7@x,a8@b,class@p
a0@x,a1@x,a2@x,a3@o,a4@b,a5@o,a6@o,a7@b,a8@x,class@p
a0@x,a1@x,a2@x,a3@o,a4@b,a5@o,a6@b,a7@x,a8@o,class@p
a0@x,a1@x,a2@x,a3@o,a4@b,a5@o,a6@b,a7@o,a8@x,class@p
a0@x,a1@x,a2@x,a3@o,a4@b,a5@o,a6@b,a7@b,a8@b,class@p
a0@x,a1@x,a2@x,a3@o,a4@b,a5@b,a6@x,a7@o,a8@o,class@p
a0@x,a1@x,a2@x,a3@o,a4@b,a5@b,a6@o,a7@x,a8@o,class@p
a0@x,a1@x,a2@x,a3@o,a4@b,a5@b,a6@o,a7@o,a8@x,class@p
a0@x,a1@x,a2@x,a3@o,a4@b,a5@b,a6@o,a7@b,a8@b,class@p
a0@x,a1@x,a2@x,a3@o,a4@b,a5@b,a6@b,a7@o,a8@b,class@p
a0@x,a1@x,a2@x,a3@o,a4@b,a5@b,a6@b,a7@b,a8@o,class@p
a0@x,a1@x,a2@x,a3@b,a4@x,a5@o,a6@o,a7@o,a8@b,class@p
a0@x,a1@x,a2@x,a3@b,a4@x,a5@o,a6@o,a7@b,a8@o,class@p
a0@x,a1@x,a2@x,a3@b,a4@x,a5@o,a6@b,a7@o,a8@o,class@p
a0@x,a1@x,a2@x,a3@b,a4@o,a5@x,a6@o,a7@o,a8@b,class@p
a0@x,a1@x,a2@x,a3@b,a4@o,a5@x,a6@o,a7@b,a8@o,class@p
a0@x,a1@x,a2@x,a3@b,a4@o,a5@x,a6@b,a7@o,a8@o,class@p
a0@x,a1@x,a2@x,a3@b,a4@o,a5@o,a6@x,a7@o,a8@b,class@p
a0@x,a1@x,a2@x,a3@b,a4@o,a5@o,a6@x,a7@b,a8@o,class@p
a0@x,a1@x,a2@x,a3@b,a4@o,a5@o,a6@o,a7@x,a8@b,class@p
a0@x,a1@x,a2@x,a3@b,a4@o,a5@o,a6@o,a7@b,a8@x,class@p
a0@x,a1@x,a2@x,a3@b,a4@o,a5@o,a6@b,a7@x,a8@o,class@p
a0@x,a1@x,a2@x,a3@b,a4@o,a5@o,a6@b,a7@o,a8@x,class@p
a0@x,a1@x,a2@x,a3@b,a4@o,a5@o,a6@b,a7@b,a8@b,class@p
a0@x,a1@x,a2@x,a3@b,a4@o,a5@b,a6@x,a7@o,a8@o,class@p
a0@x,a1@x,a2@x,a3@b,a4@o,a5@b,a6@o,a7@x,a8@o,class@p
a0@x,a1@x,a2@x,a3@b,a4@o,a5@b,a6@o,a7@o,a8@x,class@p
a0@x,a1@x,a2@x,a3@b,a4@o,a5@b,a6@o,a7@b,a8@b,class@p
a0@x,a1@x,a2@x,a3@b,a4@o,a5@b,a6@b,a7@o,a8@b,class@p
a0@x,a1@x,a2@x,a3@b,a4@o,a5@b,a6@b,a7@b,a8@o,class@p
a0@x,a1@x,a2@x,a3@b,a4@b,a5@o,a6@x,a7@o,a8@o,class@p
a0@x,a1@x,a2@x,a3@b,a4@b,a5@o,a6@o,a7@x,a8@o,class@p
a0@x,a1@x,a2@x,a3@b,a4@b,a5@o,a6@o,a7@o,a8@x,class@p
a0@x,a1@x,a2@x,a3@b,a4@b,a5@o,a6@o,a7@b,a8@b,class@p
a0@x,a1@x,a2@x,a3@b,a4@b,a5@o,a6@b,a7@o,a8@b,class@p
a0@x,a1@x,a2@x,a3@b,a4@b,a5@o,a6@b,a7@b,a8@o,class@p
a0@x,a1@x,a2@x,a3@b,a4@b,a5@b,a6@o,a7@o,a8@b,class@p
a0@x,a1@x,a2@x,a3@b,a4@b,a5@b,a6@o,a7@b,a8@o,class@p
a0@x,a1@x,a2@x,a3@b,a4@b,a5@b,a6@b,a7@o,a8@o,class@p
a0@x,a1@x,a2@o,a3@x,a4@x,a5@o,a6@o,a7@o,a8@x,class@p
a0@x,a1@x,a2@o,a3@x,a4@o,a5@x,a6@x,a7@o,a8@o,class@p
a0@x,a1@x,a2@o,a3@x,a4@o,a5@o,a6@x,a7@o,a8@x,class@p
a0@x,a1@x,a2@o,a3@x,a4@o,a5@o,a6@x,a7@b,a8@b,class@p
a0@x,a1@x,a2@o,a3@x,a4@o,a5@b,a6@x,a7@o,a8@b,class@p
a0@x,a1@x,a2@o,a3@x,a4@o,a5@b,a6@x,a7@b,a8@o,class@p
a0@x,a1@x,a2@o,a3@x,a4@b,a5@o,a6@x,a7@o,a8@b,class@p
a0@x,a1@x,a2@o,a3@x,a4@b,a5@b,a6@x,a7@o,a8@o,class@p
a0@x,a1@x,a2@o,a3@o,a4@x,a5@x,a6@o,a7@x,a8@o,class@p
a0@x,a1@x,a2@o,a3@o,a4@x,a5@x,a6@o,a7@o,a8@x,class@p
a0@x,a1@x,a2@o,a3@o,a4@x,a5@o,a6@x,a7@o,a8@x,class@p
a0@x,a1@x,a2@o,a3@o,a4@x,a5@o,a6@o,a7@x,a8@x,class@p
a0@x,a1@x,a2@o,a3@o,a4@x,a5@o,a6@b,a7@x,a8@b,class@p
a0@x,a1@x,a2@o,a3@o,a4@x,a5@o,a6@b,a7@b,a8@x,class@p
a0@x,a1@x,a2@o,a3@o,a4@x,a5@b,a6@o,a7@x,a8@b,class@p
a0@x,a1@x,a2@o,a3@o,a4@x,a5@b,a6@o,a7@b,a8@x,class@p
a0@x,a1@x,a2@o,a3@o,a4@x,a5@b,a6@b,a7@x,a8@o,class@p
a0@x,a1@x,a2@o,a3@o,a4@x,a5@b,a6@b,a7@o,a8@x,class@p
a0@x,a1@x,a2@o,a3@b,a4@x,a5@o,a6@o,a7@x,a8@b,class@p
a0@x,a1@x,a2@o,a3@b,a4@x,a5@o,a6@o,a7@b,a8@x,class@p
a0@x,a1@x,a2@o,a3@b,a4@x,a5@o,a6@b,a7@o,a8@x,class@p
a0@x,a1@x,a2@o,a3@b,a4@x,a5@b,a6@o,a7@x,a8@o,class@p
a0@x,a1@x,a2@o,a3@b,a4@x,a5@b,a6@o,a7@o,a8@x,class@p
a0@x,a1@x,a2@b,a3@x,a4@o,a5@o,a6@x,a7@o,a8@b,class@p
a0@x,a1@x,a2@b,a3@x,a4@o,a5@o,a6@x,a7@b,a8@o,class@p
a0@x,a1@x,a2@b,a3@x,a4@o,a5@b,a6@x,a7@o,a8@o,class@p
a0@x,a1@x,a2@b,a3@x,a4@b,a5@o,a6@x,a7@o,a8@o,class@p
a0@x,a1@x,a2@b,a3@o,a4@x,a5@o,a6@o,a7@x,a8@b,class@p
a0@x,a1@x,a2@b,a3@o,a4@x,a5@o,a6@o,a7@b,a8@x,class@p
a0@x,a1@x,a2@b,a3@o,a4@x,a5@o,a6@b,a7@x,a8@o,class@p
a0@x,a1@x,a2@b,a3@o,a4@x,a5@o,a6@b,a7@o,a8@x,class@p
a0@x,a1@x,a2@b,a3@o,a4@x,a5@b,a6@o,a7@x,a8@o,class@p
a0@x,a1@x,a2@b,a3@o,a4@x,a5@b,a6@o,a7@o,a8@x,class@p
a0@x,a1@x,a2@b,a3@b,a4@x,a5@o,a6@o,a7@x,a8@o,class@p
a0@x,a1@x,a2@b,a3@b,a4@x,a5@o,a6@o,a7@o,a8@x,class@p
a0@x,a1@o,a2@x,a3@x,a4@x,a5@o,a6@x,a7@o,a8@o,class@p
a0@x,a1@o,a2@x,a3@x,a4@x,a5@o,a6@o,a7@o,a8@x,class@p
a0@x,a1@o,a2@x,a3@x,a4@o,a5@o,a6@x,a7@x,a8@o,class@p
a0@x,a1@o,a2@x,a3@x,a4@o,a5@o,a6@x,a7@b,a8@b,class@p
a0@x,a1@o,a2@x,a3@x,a4@o,a5@b,a6@x,a7@b,a8@o,class@p
a0@x,a1@o,a2@x,a3@x,a4@b,a5@o,a6@x,a7@o,a8@b,class@p
a0@x,a1@o,a2@x,a3@x,a4@b,a5@o,a6@x,a7@b,a8@o,class@p
a0@x,a1@o,a2@x,a3@x,a4@b,a5@b,a6@x,a7@o,a8@o,class@p
a0@x,a1@o,a2@x,a3@o,a4@x,a5@x,a6@x,a7@o,a8@o,class@p
a0@x,a1@o,a2@x,a3@o,a4@x,a5@x,a6@o,a7@o,a8@x,class@p
a0@x,a1@o,a2@x,a3@o,a4@x,a5@o,a6@x,a7@x,a8@o,class@p
a0@x,a1@o,a2@x,a3@o,a4@x,a5@o,a6@x,a7@o,a8@x,class@p
a0@x,a1@o,a2@x,a3@o,a4@x,a5@o,a6@x,a7@b,a8@b,class@p
a0@x,a1@o,a2@x,a3@o,a4@x,a5@o,a6@o,a7@x,a8@x,class@p
a0@x,a1@o,a2@x,a3@o,a4@x,a5@o,a6@b,a7@b,a8@x,class@p
a0@x,a1@o,a2@x,a3@o,a4@x,a5@b,a6@x,a7@o,a8@b,class@p
a0@x,a1@o,a2@x,a3@o,a4@x,a5@b,a6@x,a7@b,a8@o,class@p
a0@x,a1@o,a2@x,a3@o,a4@x,a5@b,a6@o,a7@b,a8@x,class@p
a0@x,a1@o,a2@x,a3@o,a4@x,a5@b,a6@b,a7@o,a8@x,class@p
a0@x,a1@o,a2@x,a3@o,a4@o,a5@x,a6@o,a7@x,a8@x,class@p
a0@x,a1@o,a2@x,a3@o,a4@o,a5@x,a6@b,a7@b,a8@x,class@p
a0@x,a1@o,a2@x,a3@o,a4@b,a5@x,a6@o,a7@b,a8@x,class@p
a0@x,a1@o,a2@x,a3@o,a4@b,a5@x,a6@b,a7@o,a8@x,class@p
a0@x,a1@o,a2@x,a3@b,a4@x,a5@o,a6@x,a7@o,a8@b,class@p
a0@x,a1@o,a2@x,a3@b,a4@x,a5@o,a6@x,a7@b,a8@o,class@p
a0@x,a1@o,a2@x,a3@b,a4@x,a5@o,a6@o,a7@b,a8@x,class@p
a0@x,a1@o,a2@x,a3@b,a4@x,a5@o,a6@b,a7@o,a8@x,class@p
a0@x,a1@o,a2@x,a3@b,a4@x,a5@b,a6@x,a7@o,a8@o,class@p
a0@x,a1@o,a2@x,a3@b,a4@x,a5@b,a6@o,a7@o,a8@x,class@p
a0@x,a1@o,a2@x,a3@b,a4@o,a5@x,a6@o,a7@b,a8@x,class@p
a0@x,a1@o,a2@x,a3@b,a4@b,a5@x,a6@o,a7@o,a8@x,class@p
a0@x,a1@o,a2@o,a3@x,a4@x,a5@x,a6@x,a7@o,a8@o,class@p
a0@x,a1@o,a2@o,a3@x,a4@x,a5@x,a6@o,a7@x,a8@o,class@p
a0@x,a1@o,a2@o,a3@x,a4@x,a5@x,a6@o,a7@o,a8@x,class@p
a0@x,a1@o,a2@o,a3@x,a4@x,a5@x,a6@o,a7@b,a8@b,class@p
a0@x,a1@o,a2@o,a3@x,a4@x,a5@x,a6@b,a7@o,a8@b,class@p
a0@x,a1@o,a2@o,a3@x,a4@x,a5@x,a6@b,a7@b,a8@o,class@p
a0@x,a1@o,a2@o,a3@x,a4@x,a5@o,a6@x,a7@o,a8@x,class@p
a0@x,a1@o,a2@o,a3@x,a4@x,a5@o,a6@x,a7@b,a8@b,class@p
a0@x,a1@o,a2@o,a3@x,a4@x,a5@o,a6@o,a7@x,a8@x,class@p
a0@x,a1@o,a2@o,a3@x,a4@x,a5@o,a6@b,a7@b,a8@x,class@p
a0@x,a1@o,a2@o,a3@x,a4@x,a5@b,a6@x,a7@o,a8@b,class@p
a0@x,a1@o,a2@o,a3@x,a4@x,a5@b,a6@x,a7@b,a8@o,class@p
a0@x,a1@o,a2@o,a3@x,a4@x,a5@b,a6@o,a7@b,a8@x,class@p
a0@x,a1@o,a2@o,a3@x,a4@x,a5@b,a6@b,a7@o,a8@x,class@p
a0@x,a1@o,a2@o,a3@x,a4@o,a5@x,a6@x,a7@x,a8@o,class@p
a0@x,a1@o,a2@o,a3@x,a4@o,a5@x,a6@x,a7@b,a8@b,class@p
a0@x,a1@o,a2@o,a3@x,a4@o,a5@o,a6@x,a7@x,a8@x,class@p
a0@x,a1@o,a2@o,a3@x,a4@o,a5@b,a6@x,a7@x,a8@b,class@p
a0@x,a1@o,a2@o,a3@x,a4@o,a5@b,a6@x,a7@b,a8@x,class@p
a0@x,a1@o,a2@o,a3@x,a4@b,a5@x,a6@x,a7@o,a8@b,class@p
a0@x,a1@o,a2@o,a3@x,a4@b,a5@x,a6@x,a7@b,a8@o,class@p
a0@x,a1@o,a2@o,a3@x,a4@b,a5@o,a6@x,a7@x,a8@b,class@p
a0@x,a1@o,a2@o,a3@x,a4@b,a5@o,a6@x,a7@b,a8@x,class@p
a0@x,a1@o,a2@o,a3@x,a4@b,a5@b,a6@x,a7@x,a8@o,class@p
a0@x,a1@o,a2@o,a3@x,a4@b,a5@b,a6@x,a7@o,a8@x,class@p
a0@x,a1@o,a2@o,a3@x,a4@b,a5@b,a6@x,a7@b,a8@b,class@p
a0@x,a1@o,a2@o,a3@o,a4@x,a5@x,a6@x,a7@o,a8@x,class@p
a0@x,a1@o,a2@o,a3@o,a4@x,a5@x,a6@o,a7@x,a8@x,class@p
a0@x,a1@o,a2@o,a3@o,a4@x,a5@x,a6@b,a7@b,a8@x,class@p
a0@x,a1@o,a2@o,a3@o,a4@x,a5@o,a6@x,a7@x,a8@x,class@p
a0@x,a1@o,a2@o,a3@o,a4@x,a5@b,a6@x,a7@b,a8@x,class@p
a0@x,a1@o,a2@o,a3@o,a4@x,a5@b,a6@b,a7@x,a8@x,class@p
a0@x,a1@o,a2@o,a3@o,a4@o,a5@x,a6@x,a7@x,a8@x,class@p
a0@x,a1@o,a2@o,a3@o,a4@b,a5@b,a6@x,a7@x,a8@x,class@p
a0@x,a1@o,a2@o,a3@b,a4@x,a5@x,a6@o,a7@b,a8@x,class@p
a0@x,a1@o,a2@o,a3@b,a4@x,a5@x,a6@b,a7@o,a8@x,class@p
a0@x,a1@o,a2@o,a3@b,a4@x,a5@o,a6@x,a7@b,a8@x,class@p
a0@x,a1@o,a2@o,a3@b,a4@x,a5@o,a6@b,a7@x,a8@x,class@p
a0@x,a1@o,a2@o,a3@b,a4@x,a5@b,a6@x,a7@o,a8@x,class@p
a0@x,a1@o,a2@o,a3@b,a4@x,a5@b,a6@o,a7@x,a8@x,class@p
a0@x,a1@o,a2@o,a3@b,a4@x,a5@b,a6@b,a7@b,a8@x,class@p
a0@x,a1@o,a2@o,a3@b,a4@o,a5@b,a6@x,a7@x,a8@x,class@p
a0@x,a1@o,a2@o,a3@b,a4@b,a5@o,a6@x,a7@x,a8@x,class@p
a0@x,a1@o,a2@b,a3@x,a4@x,a5@x,a6@o,a7@o,a8@b,class@p
a0@x,a1@o,a2@b,a3@x,a4@x,a5@x,a6@o,a7@b,a8@o,class@p
a0@x,a1@o,a2@b,a3@x,a4@x,a5@x,a6@b,a7@o,a8@o,class@p
a0@x,a1@o,a2@b,a3@x,a4@x,a5@o,a6@x,a7@o,a8@b,class@p
a0@x,a1@o,a2@b,a3@x,a4@x,a5@o,a6@x,a7@b,a8@o,class@p
a0@x,a1@o,a2@b,a3@x,a4@x,a5@o,a6@o,a7@b,a8@x,class@p
a0@x,a1@o,a2@b,a3@x,a4@x,a5@o,a6@b,a7@o,a8@x,class@p
a0@x,a1@o,a2@b,a3@x,a4@x,a5@b,a6@x,a7@o,a8@o,class@p
a0@x,a1@o,a2@b,a3@x,a4@x,a5@b,a6@o,a7@o,a8@x,class@p
a0@x,a1@o,a2@b,a3@x,a4@o,a5@x,a6@x,a7@b,a8@o,class@p
a0@x,a1@o,a2@b,a3@x,a4@o,a5@o,a6@x,a7@x,a8@b,class@p
a0@x,a1@o,a2@b,a3@x,a4@o,a5@o,a6@x,a7@b,a8@x,class@p
a0@x,a1@o,a2@b,a3@x,a4@o,a5@b,a6@x,a7@x,a8@o,class@p
a0@x,a1@o,a2@b,a3@x,a4@o,a5@b,a6@x,a7@b,a8@b,class@p
a0@x,a1@o,a2@b,a3@x,a4@b,a5@x,a6@x,a7@o,a8@o,class@p
a0@x,a1@o,a2@b,a3@x,a4@b,a5@o,a6@x,a7@x,a8@o,class@p
a0@x,a1@o,a2@b,a3@x,a4@b,a5@o,a6@x,a7@o,a8@x,class@p
a0@x,a1@o,a2@b,a3@x,a4@b,a5@o,a6@x,a7@b,a8@b,class@p
a0@x,a1@o,a2@b,a3@x,a4@b,a5@b,a6@x,a7@o,a8@b,class@p
a0@x,a1@o,a2@b,a3@x,a4@b,a5@b,a6@x,a7@b,a8@o,class@p
a0@x,a1@o,a2@b,a3@o,a4@x,a5@x,a6@o,a7@b,a8@x,class@p
a0@x,a1@o,a2@b,a3@o,a4@x,a5@x,a6@b,a7@o,a8@x,class@p
a0@x,a1@o,a2@b,a3@o,a4@x,a5@o,a6@x,a7@b,a8@x,class@p
a0@x,a1@o,a2@b,a3@o,a4@x,a5@o,a6@b,a7@x,a8@x,class@p
a0@x,a1@o,a2@b,a3@o,a4@x,a5@b,a6@x,a7@o,a8@x,class@p
a0@x,a1@o,a2@b,a3@o,a4@x,a5@b,a6@o,a7@x,a8@x,class@p
a0@x,a1@o,a2@b,a3@o,a4@x,a5@b,a6@b,a7@b,a8@x,class@p
a0@x,a1@o,a2@b,a3@o,a4@o,a5@b,a6@x,a7@x,a8@x,class@p
a0@x,a1@o,a2@b,a3@o,a4@b,a5@o,a6@x,a7@x,a8@x,class@p
a0@x,a1@o,a2@b,a3@b,a4@x,a5@x,a6@o,a7@o,a8@x,class@p
a0@x,a1@o,a2@b,a3@b,a4@x,a5@o,a6@x,a7@o,a8@x,class@p
a0@x,a1@o,a2@b,a3@b,a4@x,a5@o,a6@o,a7@x,a8@x,class@p
a0@x,a1@o,a2@b,a3@b,a4@x,a5@o,a6@b,a7@b,a8@x,class@p
a0@x,a1@o,a2@b,a3@b,a4@x,a5@b,a6@o,a7@b,a8@x,class@p
a0@x,a1@o,a2@b,a3@b,a4@x,a5@b,a6@b,a7@o,a8@x,class@p
a0@x,a1@o,a2@b,a3@b,a4@o,a5@o,a6@x,a7@x,a8@x,class@p
a0@x,a1@b,a2@x,a3@x,a4@o,a5@o,a6@x,a7@o,a8@b,class@p
a0@x,a1@b,a2@x,a3@x,a4@o,a5@o,a6@x,a7@b,a8@o,class@p
a0@x,a1@b,a2@x,a3@x,a4@o,a5@b,a6@x,a7@o,a8@o,class@p
a0@x,a1@b,a2@x,a3@x,a4@b,a5@o,a6@x,a7@o,a8@o,class@p
a0@x,a1@b,a2@x,a3@o,a4@x,a5@o,a6@x,a7@o,a8@b,class@p
a0@x,a1@b,a2@x,a3@o,a4@x,a5@o,a6@x,a7@b,a8@o,class@p
a0@x,a1@b,a2@x,a3@o,a4@x,a5@o,a6@o,a7@b,a8@x,class@p
a0@x,a1@b,a2@x,a3@o,a4@x,a5@o,a6@b,a7@o,a8@x,class@p
a0@x,a1@b,a2@x,a3@o,a4@x,a5@b,a6@x,a7@o,a8@o,class@p
a0@x,a1@b,a2@x,a3@o,a4@x,a5@b,a6@o,a7@o,a8@x,class@p
a0@x,a1@b,a2@x,a3@o,a4@o,a5@x,a6@o,a7@b,a8@x,class@p
a0@x,a1@b,a2@x,a3@o,a4@o,a5@x,a6@b,a7@o,a8@x,class@p
a0@x,a1@b,a2@x,a3@o,a4@b,a5@x,a6@o,a7@o,a8@x,class@p
a0@x,a1@b,a2@x,a3@b,a4@x,a5@o,a6@x,a7@o,a8@o,class@p
a0@x,a1@b,a2@x,a3@b,a4@x,a5@o,a6@o,a7@o,a8@x,class@p
a0@x,a1@b,a2@x,a3@b,a4@o,a5@x,a6@o,a7@o,a8@x,class@p
a0@x,a1@b,a2@o,a3@x,a4@x,a5@x,a6@o,a7@o,a8@b,class@p
a0@x,a1@b,a2@o,a3@x,a4@x,a5@x,a6@o,a7@b,a8@o,class@p
a0@x,a1@b,a2@o,a3@x,a4@x,a5@x,a6@b,a7@o,a8@o,class@p
a0@x,a1@b,a2@o,a3@x,a4@x,a5@o,a6@x,a7@o,a8@b,class@p
a0@x,a1@b,a2@o,a3@x,a4@x,a5@o,a6@o,a7@b,a8@x,class@p
a0@x,a1@b,a2@o,a3@x,a4@x,a5@o,a6@b,a7@o,a8@x,class@p
a0@x,a1@b,a2@o,a3@x,a4@x,a5@b,a6@x,a7@o,a8@o,class@p
a0@x,a1@b,a2@o,a3@x,a4@x,a5@b,a6@o,a7@o,a8@x,class@p
a0@x,a1@b,a2@o,a3@x,a4@o,a5@x,a6@x,a7@o,a8@b,class@p
a0@x,a1@b,a2@o,a3@x,a4@o,a5@x,a6@x,a7@b,a8@o,class@p
a0@x,a1@b,a2@o,a3@x,a4@o,a5@o,a6@x,a7@x,a8@b,class@p
a0@x,a1@b,a2@o,a3@x,a4@o,a5@o,a6@x,a7@b,a8@x,class@p
a0@x,a1@b,a2@o,a3@x,a4@o,a5@b,a6@x,a7@x,a8@o,class@p
a0@x,a1@b,a2@o,a3@x,a4@o,a5@b,a6@x,a7@o,a8@x,class@p
a0@x,a1@b,a2@o,a3@x,a4@o,a5@b,a6@x,a7@b,a8@b,class@p
a0@x,a1@b,a2@o,a3@x,a4@b,a5@x,a6@x,a7@o,a8@o,class@p
a0@x,a1@b,a2@o,a3@x,a4@b,a5@o,a6@x,a7@o,a8@x,class@p
a0@x,a1@b,a2@o,a3@x,a4@b,a5@o,a6@x,a7@b,a8@b,class@p
a0@x,a1@b,a2@o,a3@x,a4@b,a5@b,a6@x,a7@o,a8@b,class@p
a0@x,a1@b,a2@o,a3@x,a4@b,a5@b,a6@x,a7@b,a8@o,class@p
a0@x,a1@b,a2@o,a3@o,a4@x,a5@x,a6@o,a7@b,a8@x,class@p
a0@x,a1@b,a2@o,a3@o,a4@x,a5@x,a6@b,a7@o,a8@x,class@p
a0@x,a1@b,a2@o,a3@o,a4@x,a5@o,a6@x,a7@b,a8@x,class@p
a0@x,a1@b,a2@o,a3@o,a4@x,a5@o,a6@b,a7@x,a8@x,class@p
a0@x,a1@b,a2@o,a3@o,a4@x,a5@b,a6@x,a7@o,a8@x,class@p
a0@x,a1@b,a2@o,a3@o,a4@x,a5@b,a6@o,a7@x,a8@x,class@p
a0@x,a1@b,a2@o,a3@o,a4@x,a5@b,a6@b,a7@b,a8@x,class@p
a0@x,a1@b,a2@o,a3@o,a4@o,a5@b,a6@x,a7@x,a8@x,class@p
a0@x,a1@b,a2@o,a3@o,a4@b,a5@o,a6@x,a7@x,a8@x,class@p
a0@x,a1@b,a2@o,a3@b,a4@x,a5@x,a6@o,a7@o,a8@x,class@p
a0@x,a1@b,a2@o,a3@b,a4@x,a5@o,a6@x,a7@o,a8@x,class@p
a0@x,a1@b,a2@o,a3@b,a4@x,a5@o,a6@o,a7@x,a8@x,class@p
a0@x,a1@b,a2@o,a3@b,a4@x,a5@o,a6@b,a7@b,a8@x,class@p
a0@x,a1@b,a2@o,a3@b,a4@x,a5@b,a6@o,a7@b,a8@x,class@p
a0@x,a1@b,a2@o,a3@b,a4@x,a5@b,a6@b,a7@o,a8@x,class@p
a0@x,a1@b,a2@o,a3@b,a4@o,a5@o,a6@x,a7@x,a8@x,class@p
a0@x,a1@b,a2@b,a3@x,a4@x,a5@o,a6@x,a7@o,a8@o,class@p
a0@x,a1@b,a2@b,a3@x,a4@x,a5@o,a6@o,a7@o,a8@x,class@p
a0@x,a1@b,a2@b,a3@x,a4@o,a5@x,a6@x,a7@o,a8@o,class@p
a0@x,a1@b,a2@b,a3@x,a4@o,a5@o,a6@x,a7@x,a8@o,class@p
a0@x,a1@b,a2@b,a3@x,a4@o,a5@o,a6@x,a7@o,a8@x,class@p
a0@x,a1@b,a2@b,a3@x,a4@o,a5@o,a6@x,a7@b,a8@b,class@p
a0@x,a1@b,a2@b,a3@x,a4@o,a5@b,a6@x,a7@o,a8@b,class@p
a0@x,a1@b,a2@b,a3@x,a4@o,a5@b,a6@x,a7@b,a8@o,class@p
a0@x,a1@b,a2@b,a3@x,a4@b,a5@o,a6@x,a7@o,a8@b,class@p
a0@x,a1@b,a2@b,a3@x,a4@b,a5@o,a6@x,a7@b,a8@o,class@p
a0@x,a1@b,a2@b,a3@x,a4@b,a5@b,a6@x,a7@o,a8@o,class@p
a0@x,a1@b,a2@b,a3@o,a4@x,a5@x,a6@o,a7@o,a8@x,class@p
a0@x,a1@b,a2@b,a3@o,a4@x,a5@o,a6@x,a7@o,a8@x,class@p
a0@x,a1@b,a2@b,a3@o,a4@x,a5@o,a6@o,a7@x,a8@x,class@p
a0@x,a1@b,a2@b,a3@o,a4@x,a5@o,a6@b,a7@b,a8@x,class@p
a0@x,a1@b,a2@b,a3@o,a4@x,a5@b,a6@o,a7@b,a8@x,class@p
a0@x,a1@b,a2@b,a3@o,a4@x,a5@b,a6@b,a7@o,a8@x,class@p
a0@x,a1@b,a2@b,a3@b,a4@x,a5@o,a6@o,a7@b,a8@x,class@p
a0@x,a1@b,a2@b,a3@b,a4@x,a5@o,a6@b,a7@o,a8@x,class@p
a0@x,a1@b,a2@b,a3@b,a4@x,a5@b,a6@o,a7@o,a8@x,class@p
a0@o,a1@x,a2@x,a3@x,a4@x,a5@o,a6@x,a7@o,a8@o,class@p
a0@o,a1@x,a2@x,a3@x,a4@x,a5@o,a6@o,a7@x,a8@o,class@p
a0@o,a1@x,a2@x,a3@x,a4@o,a5@x,a6@o,a7@o,a8@x,class@p
a0@o,a1@x,a2@x,a3@o,a4@x,a5@x,a6@x,a7@o,a8@o,class@p
a0@o,a1@x,a2@x,a3@o,a4@x,a5@o,a6@x,a7@x,a8@o,class@p
a0@o,a1@x,a2@x,a3@o,a4@x,a5@o,a6@x,a7@o,a8@x,class@p
a0@o,a1@x,a2@x,a3@o,a4@x,a5@o,a6@x,a7@b,a8@b,class@p
a0@o,a1@x,a2@x,a3@o,a4@x,a5@o,a6@b,a7@x,a8@b,class@p
a0@o,a1@x,a2@x,a3@o,a4@x,a5@b,a6@x,a7@o,a8@b,class@p
a0@o,a1@x,a2@x,a3@o,a4@x,a5@b,a6@x,a7@b,a8@o,class@p
a0@o,a1@x,a2@x,a3@o,a4@x,a5@b,a6@b,a7@x,a8@o,class@p
a0@o,a1@x,a2@x,a3@o,a4@o,a5@x,a6@x,a7@o,a8@x,class@p
a0@o,a1@x,a2@x,a3@o,a4@o,a5@x,a6@b,a7@b,a8@x,class@p
a0@o,a1@x,a2@x,a3@o,a4@b,a5@x,a6@b,a7@o,a8@x,class@p
a0@o,a1@x,a2@x,a3@b,a4@x,a5@o,a6@x,a7@o,a8@b,class@p
a0@o,a1@x,a2@x,a3@b,a4@x,a5@o,a6@x,a7@b,a8@o,class@p
a0@o,a1@x,a2@x,a3@b,a4@x,a5@o,a6@o,a7@x,a8@b,class@p
a0@o,a1@x,a2@x,a3@b,a4@x,a5@o,a6@b,a7@x,a8@o,class@p
a0@o,a1@x,a2@x,a3@b,a4@x,a5@b,a6@x,a7@o,a8@o,class@p
a0@o,a1@x,a2@x,a3@b,a4@x,a5@b,a6@o,a7@x,a8@o,class@p
a0@o,a1@x,a2@x,a3@b,a4@o,a5@x,a6@o,a7@b,a8@x,class@p
a0@o,a1@x,a2@x,a3@b,a4@o,a5@x,a6@b,a7@o,a8@x,class@p
a0@o,a1@x,a2@x,a3@b,a4@b,a5@x,a6@o,a7@o,a8@x,class@p
a0@o,a1@x,a2@o,a3@x,a4@x,a5@x,a6@x,a7@o,a8@o,class@p
a0@o,a1@x,a2@o,a3@x,a4@x,a5@x,a6@o,a7@x,a8@o,class@p
a0@o,a1@x,a2@o,a3@x,a4@x,a5@x,a6@o,a7@o,a8@x,class@p
a0@o,a1@x,a2@o,a3@x,a4@x,a5@x,a6@o,a7@b,a8@b,class@p
a0@o,a1@x,a2@o,a3@x,a4@x,a5@x,a6@b,a7@o,a8@b,class@p
a0@o,a1@x,a2@o,a3@x,a4@x,a5@x,a6@b,a7@b,a8@o,class@p
a0@o,a1@x,a2@o,a3@x,a4@x,a5@o,a6@o,a7@x,a8@x,class@p
a0@o,a1@x,a2@o,a3@x,a4@x,a5@o,a6@b,a7@x,a8@b,class@p
a0@o,a1@x,a2@o,a3@x,a4@x,a5@b,a6@o,a7@x,a8@b,class@p
a0@o,a1@x,a2@o,a3@x,a4@x,a5@b,a6@b,a7@x,a8@o,class@p
a0@o,a1@x,a2@o,a3@x,a4@o,a5@o,a6@x,a7@x,a8@x,class@p
a0@o,a1@x,a2@o,a3@o,a4@x,a5@x,a6@x,a7@x,a8@o,class@p
a0@o,a1@x,a2@o,a3@o,a4@x,a5@x,a6@b,a7@x,a8@b,class@p
a0@o,a1@x,a2@o,a3@o,a4@x,a5@o,a6@x,a7@x,a8@x,class@p
a0@o,a1@x,a2@o,a3@o,a4@x,a5@b,a6@x,a7@x,a8@b,class@p
a0@o,a1@x,a2@o,a3@o,a4@x,a5@b,a6@b,a7@x,a8@x,class@p
a0@o,a1@x,a2@o,a3@o,a4@o,a5@x,a6@x,a7@x,a8@x,class@p
a0@o,a1@x,a2@o,a3@o,a4@b,a5@b,a6@x,a7@x,a8@x,class@p
a0@o,a1@x,a2@o,a3@b,a4@x,a5@x,a6@o,a7@x,a8@b,class@p
a0@o,a1@x,a2@o,a3@b,a4@x,a5@x,a6@b,a7@x,a8@o,class@p
a0@o,a1@x,a2@o,a3@b,a4@x,a5@o,a6@x,a7@x,a8@b,class@p
a0@o,a1@x,a2@o,a3@b,a4@x,a5@o,a6@b,a7@x,a8@x,class@p
a0@o,a1@x,a2@o,a3@b,a4@x,a5@b,a6@x,a7@x,a8@o,class@p
a0@o,a1@x,a2@o,a3@b,a4@x,a5@b,a6@o,a7@x,a8@x,class@p
a0@o,a1@x,a2@o,a3@b,a4@x,a5@b,a6@b,a7@x,a8@b,class@p
a0@o,a1@x,a2@o,a3@b,a4@o,a5@b,a6@x,a7@x,a8@x,class@p
a0@o,a1@x,a2@o,a3@b,a4@b,a5@o,a6@x,a7@x,a8@x,class@p
a0@o,a1@x,a2@b,a3@x,a4@x,a5@x,a6@o,a7@o,a8@b,class@p
a0@o,a1@x,a2@b,a3@x,a4@x,a5@x,a6@o,a7@b,a8@o,class@p
a0@o,a1@x,a2@b,a3@x,a4@x,a5@x,a6@b,a7@o,a8@o,class@p
a0@o,a1@x,a2@b,a3@x,a4@x,a5@o,a6@o,a7@x,a8@b,class@p
a0@o,a1@x,a2@b,a3@x,a4@x,a5@o,a6@b,a7@x,a8@o,class@p
a0@o,a1@x,a2@b,a3@x,a4@x,a5@b,a6@o,a7@x,a8@o,class@p
a0@o,a1@x,a2@b,a3@o,a4@x,a5@x,a6@b,a7@x,a8@o,class@p
a0@o,a1@x,a2@b,a3@o,a4@x,a5@o,a6@x,a7@x,a8@b,class@p
a0@o,a1@x,a2@b,a3@o,a4@x,a5@o,a6@b,a7@x,a8@x,class@p
a0@o,a1@x,a2@b,a3@o,a4@x,a5@b,a6@x,a7@x,a8@o,class@p
a0@o,a1@x,a2@b,a3@o,a4@x,a5@b,a6@b,a7@x,a8@b,class@p
a0@o,a1@x,a2@b,a3@o,a4@o,a5@b,a6@x,a7@x,a8@x,class@p
a0@o,a1@x,a2@b,a3@o,a4@b,a5@o,a6@x,a7@x,a8@x,class@p
a0@o,a1@x,a2@b,a3@b,a4@x,a5@x,a6@o,a7@x,a8@o,class@p
a0@o,a1@x,a2@b,a3@b,a4@x,a5@o,a6@x,a7@x,a8@o,class@p
a0@o,a1@x,a2@b,a3@b,a4@x,a5@o,a6@o,a7@x,a8@x,class@p
a0@o,a1@x,a2@b,a3@b,a4@x,a5@o,a6@b,a7@x,a8@b,class@p
a0@o,a1@x,a2@b,a3@b,a4@x,a5@b,a6@o,a7@x,a8@b,class@p
a0@o,a1@x,a2@b,a3@b,a4@x,a5@b,a6@b,a7@x,a8@o,class@p
a0@o,a1@x,a2@b,a3@b,a4@o,a5@o,a6@x,a7@x,a8@x,class@p
a0@o,a1@o,a2@x,a3@x,a4@x,a5@x,a6@x,a7@o,a8@o,class@p
a0@o,a1@o,a2@x,a3@x,a4@x,a5@x,a6@o,a7@x,a8@o,class@p
a0@o,a1@o,a2@x,a3@x,a4@x,a5@x,a6@o,a7@o,a8@x,class@p
a0@o,a1@o,a2@x,a3@x,a4@x,a5@x,a6@o,a7@b,a8@b,class@p
a0@o,a1@o,a2@x,a3@x,a4@x,a5@x,a6@b,a7@o,a8@b,class@p
a0@o,a1@o,a2@x,a3@x,a4@x,a5@x,a6@b,a7@b,a8@o,class@p
a0@o,a1@o,a2@x,a3@x,a4@x,a5@o,a6@x,a7@x,a8@o,class@p
a0@o,a1@o,a2@x,a3@x,a4@x,a5@o,a6@x,a7@o,a8@x,class@p
a0@o,a1@o,a2@x,a3@x,a4@x,a5@o,a6@x,a7@b,a8@b,class@p
a0@o,a1@o,a2@x,a3@x,a4@x,a5@b,a6@x,a7@o,a8@b,class@p
a0@o,a1@o,a2@x,a3@x,a4@x,a5@b,a6@x,a7@b,a8@o,class@p
a0@o,a1@o,a2@x,a3@x,a4@o,a5@x,a6@o,a7@x,a8@x,class@p
a0@o,a1@o,a2@x,a3@x,a4@o,a5@x,a6@b,a7@b,a8@x,class@p
a0@o,a1@o,a2@x,a3@x,a4@o,a5@o,a6@x,a7@x,a8@x,class@p
a0@o,a1@o,a2@x,a3@x,a4@b,a5@x,a6@o,a7@b,a8@x,class@p
a0@o,a1@o,a2@x,a3@x,a4@b,a5@x,a6@b,a7@o,a8@x,class@p
a0@o,a1@o,a2@x,a3@o,a4@x,a5@x,a6@x,a7@x,a8@o,class@p
a0@o,a1@o,a2@x,a3@o,a4@x,a5@x,a6@x,a7@o,a8@x,class@p
a0@o,a1@o,a2@x,a3@o,a4@x,a5@x,a6@x,a7@b,a8@b,class@p
a0@o,a1@o,a2@x,a3@o,a4@x,a5@x,a6@b,a7@b,a8@x,class@p
a0@o,a1@o,a2@x,a3@o,a4@x,a5@o,a6@x,a7@x,a8@x,class@p
a0@o,a1@o,a2@x,a3@o,a4@x,a5@b,a6@x,a7@x,a8@b,class@p
a0@o,a1@o,a2@x,a3@o,a4@x,a5@b,a6@x,a7@b,a8@x,class@p
a0@o,a1@o,a2@x,a3@o,a4@o,a5@x,a6@x,a7@x,a8@x,class@p
a0@o,a1@o,a2@x,a3@o,a4@b,a5@x,a6@x,a7@b,a8@x,class@p
a0@o,a1@o,a2@x,a3@o,a4@b,a5@x,a6@b,a7@x,a8@x,class@p
a0@o,a1@o,a2@x,a3@o,a4@b,a5@b,a6@x,a7@x,a8@x,class@p
a0@o,a1@o,a2@x,a3@b,a4@x,a5@x,a6@x,a7@o,a8@b,class@p
a0@o,a1@o,a2@x,a3@b,a4@x,a5@x,a6@x,a7@b,a8@o,class@p
a0@o,a1@o,a2@x,a3@b,a4@x,a5@x,a6@o,a7@b,a8@x,class@p
a0@o,a1@o,a2@x,a3@b,a4@x,a5@x,a6@b,a7@o,a8@x,class@p
a0@o,a1@o,a2@x,a3@b,a4@x,a5@o,a6@x,a7@x,a8@b,class@p
a0@o,a1@o,a2@x,a3@b,a4@x,a5@o,a6@x,a7@b,a8@x,class@p
a0@o,a1@o,a2@x,a3@b,a4@x,a5@b,a6@x,a7@x,a8@o,class@p
a0@o,a1@o,a2@x,a3@b,a4@x,a5@b,a6@x,a7@o,a8@x,class@p
a0@o,a1@o,a2@x,a3@b,a4@x,a5@b,a6@x,a7@b,a8@b,class@p
a0@o,a1@o,a2@x,a3@b,a4@o,a5@x,a6@x,a7@b,a8@x,class@p
a0@o,a1@o,a2@x,a3@b,a4@o,a5@x,a6@b,a7@x,a8@x,class@p
a0@o,a1@o,a2@x,a3@b,a4@o,a5@b,a6@x,a7@x,a8@x,class@p
a0@o,a1@o,a2@x,a3@b,a4@b,a5@x,a6@x,a7@o,a8@x,class@p
a0@o,a1@o,a2@x,a3@b,a4@b,a5@x,a6@o,a7@x,a8@x,class@p
a0@o,a1@o,a2@x,a3@b,a4@b,a5@x,a6@b,a7@b,a8@x,class@p
a0@o,a1@o,a2@x,a3@b,a4@b,a5@o,a6@x,a7@x,a8@x,class@p
a0@o,a1@o,a2@b,a3@x,a4@x,a5@x,a6@x,a7@o,a8@b,class@p
a0@o,a1@o,a2@b,a3@x,a4@x,a5@x,a6@x,a7@b,a8@o,class@p
a0@o,a1@o,a2@b,a3@x,a4@x,a5@x,a6@o,a7@x,a8@b,class@p
a0@o,a1@o,a2@b,a3@x,a4@x,a5@x,a6@o,a7@b,a8@x,class@p
a0@o,a1@o,a2@b,a3@x,a4@x,a5@x,a6@b,a7@x,a8@o,class@p
a0@o,a1@o,a2@b,a3@x,a4@x,a5@x,a6@b,a7@o,a8@x,class@p
a0@o,a1@o,a2@b,a3@x,a4@x,a5@x,a6@b,a7@b,a8@b,class@p
a0@o,a1@o,a2@b,a3@x,a4@o,a5@b,a6@x,a7@x,a8@x,class@p
a0@o,a1@o,a2@b,a3@x,a4@b,a5@o,a6@x,a7@x,a8@x,class@p
a0@o,a1@o,a2@b,a3@o,a4@x,a5@b,a6@x,a7@x,a8@x,class@p
a0@o,a1@o,a2@b,a3@o,a4@b,a5@x,a6@x,a7@x,a8@x,class@p
a0@o,a1@o,a2@b,a3@b,a4@x,a5@o,a6@x,a7@x,a8@x,class@p
a0@o,a1@o,a2@b,a3@b,a4@o,a5@x,a6@x,a7@x,a8@x,class@p
a0@o,a1@o,a2@b,a3@b,a4@b,a5@b,a6@x,a7@x,a8@x,class@p
a0@o,a1@b,a2@x,a3@x,a4@x,a5@x,a6@o,a7@o,a8@b,class@p
a0@o,a1@b,a2@x,a3@x,a4@x,a5@x,a6@o,a7@b,a8@o,class@p
a0@o,a1@b,a2@x,a3@x,a4@x,a5@x,a6@b,a7@o,a8@o,class@p
a0@o,a1@b,a2@x,a3@x,a4@x,a5@o,a6@x,a7@o,a8@b,class@p
a0@o,a1@b,a2@x,a3@x,a4@x,a5@o,a6@x,a7@b,a8@o,class@p
a0@o,a1@b,a2@x,a3@x,a4@x,a5@b,a6@x,a7@o,a8@o,class@p
a0@o,a1@b,a2@x,a3@x,a4@o,a5@x,a6@o,a7@b,a8@x,class@p
a0@o,a1@b,a2@x,a3@x,a4@o,a5@x,a6@b,a7@o,a8@x,class@p
a0@o,a1@b,a2@x,a3@x,a4@b,a5@x,a6@o,a7@o,a8@x,class@p
a0@o,a1@b,a2@x,a3@o,a4@x,a5@x,a6@x,a7@o,a8@b,class@p
a0@o,a1@b,a2@x,a3@o,a4@x,a5@x,a6@x,a7@b,a8@o,class@p
a0@o,a1@b,a2@x,a3@o,a4@x,a5@x,a6@b,a7@o,a8@x,class@p
a0@o,a1@b,a2@x,a3@o,a4@x,a5@o,a6@x,a7@x,a8@b,class@p
a0@o,a1@b,a2@x,a3@o,a4@x,a5@o,a6@x,a7@b,a8@x,class@p
a0@o,a1@b,a2@x,a3@o,a4@x,a5@b,a6@x,a7@x,a8@o,class@p
a0@o,a1@b,a2@x,a3@o,a4@x,a5@b,a6@x,a7@o,a8@x,class@p
a0@o,a1@b,a2@x,a3@o,a4@x,a5@b,a6@x,a7@b,a8@b,class@p
a0@o,a1@b,a2@x,a3@o,a4@o,a5@x,a6@x,a7@b,a8@x,class@p
a0@o,a1@b,a2@x,a3@o,a4@o,a5@x,a6@b,a7@x,a8@x,class@p
a0@o,a1@b,a2@x,a3@o,a4@o,a5@b,a6@x,a7@x,a8@x,class@p
a0@o,a1@b,a2@x,a3@o,a4@b,a5@x,a6@x,a7@o,a8@x,class@p
a0@o,a1@b,a2@x,a3@o,a4@b,a5@x,a6@b,a7@b,a8@x,class@p
a0@o,a1@b,a2@x,a3@o,a4@b,a5@o,a6@x,a7@x,a8@x,class@p
a0@o,a1@b,a2@x,a3@b,a4@x,a5@x,a6@x,a7@o,a8@o,class@p
a0@o,a1@b,a2@x,a3@b,a4@x,a5@x,a6@o,a7@o,a8@x,class@p
a0@o,a1@b,a2@x,a3@b,a4@x,a5@o,a6@x,a7@x,a8@o,class@p
a0@o,a1@b,a2@x,a3@b,a4@x,a5@o,a6@x,a7@o,a8@x,class@p
a0@o,a1@b,a2@x,a3@b,a4@x,a5@o,a6@x,a7@b,a8@b,class@p
a0@o,a1@b,a2@x,a3@b,a4@x,a5@b,a6@x,a7@o,a8@b,class@p
a0@o,a1@b,a2@x,a3@b,a4@x,a5@b,a6@x,a7@b,a8@o,class@p
a0@o,a1@b,a2@x,a3@b,a4@o,a5@x,a6@x,a7@o,a8@x,class@p
a0@o,a1@b,a2@x,a3@b,a4@o,a5@x,a6@o,a7@x,a8@x,class@p
a0@o,a1@b,a2@x,a3@b,a4@o,a5@x,a6@b,a7@b,a8@x,class@p
a0@o,a1@b,a2@x,a3@b,a4@o,a5@o,a6@x,a7@x,a8@x,class@p
a0@o,a1@b,a2@x,a3@b,a4@b,a5@x,a6@o,a7@b,a8@x,class@p
a0@o,a1@b,a2@x,a3@b,a4@b,a5@x,a6@b,a7@o,a8@x,class@p
a0@o,a1@b,a2@o,a3@x,a4@x,a5@x,a6@x,a7@o,a8@b,class@p
a0@o,a1@b,a2@o,a3@x,a4@x,a5@x,a6@x,a7@b,a8@o,class@p
a0@o,a1@b,a2@o,a3@x,a4@x,a5@x,a6@o,a7@x,a8@b,class@p
a0@o,a1@b,a2@o,a3@x,a4@x,a5@x,a6@o,a7@b,a8@x,class@p
a0@o,a1@b,a2@o,a3@x,a4@x,a5@x,a6@b,a7@x,a8@o,class@p
a0@o,a1@b,a2@o,a3@x,a4@x,a5@x,a6@b,a7@o,a8@x,class@p
a0@o,a1@b,a2@o,a3@x,a4@x,a5@x,a6@b,a7@b,a8@b,class@p
a0@o,a1@b,a2@o,a3@x,a4@o,a5@b,a6@x,a7@x,a8@x,class@p
a0@o,a1@b,a2@o,a3@x,a4@b,a5@o,a6@x,a7@x,a8@x,class@p
a0@o,a1@b,a2@o,a3@o,a4@x,a5@b,a6@x,a7@x,a8@x,class@p
a0@o,a1@b,a2@o,a3@o,a4@b,a5@x,a6@x,a7@x,a8@x,class@p
a0@o,a1@b,a2@o,a3@b,a4@x,a5@o,a6@x,a7@x,a8@x,class@p
a0@o,a1@b,a2@o,a3@b,a4@o,a5@x,a6@x,a7@x,a8@x,class@p
a0@o,a1@b,a2@o,a3@b,a4@b,a5@b,a6@x,a7@x,a8@x,class@p
a0@o,a1@b,a2@b,a3@x,a4@x,a5@x,a6@x,a7@o,a8@o,class@p
a0@o,a1@b,a2@b,a3@x,a4@x,a5@x,a6@o,a7@x,a8@o,class@p
a0@o,a1@b,a2@b,a3@x,a4@x,a5@x,a6@o,a7@o,a8@x,class@p
a0@o,a1@b,a2@b,a3@x,a4@x,a5@x,a6@o,a7@b,a8@b,class@p
a0@o,a1@b,a2@b,a3@x,a4@x,a5@x,a6@b,a7@o,a8@b,class@p
a0@o,a1@b,a2@b,a3@x,a4@x,a5@x,a6@b,a7@b,a8@o,class@p
a0@o,a1@b,a2@b,a3@x,a4@o,a5@o,a6@x,a7@x,a8@x,class@p
a0@o,a1@b,a2@b,a3@o,a4@x,a5@o,a6@x,a7@x,a8@x,class@p
a0@o,a1@b,a2@b,a3@o,a4@o,a5@x,a6@x,a7@x,a8@x,class@p
a0@o,a1@b,a2@b,a3@o,a4@b,a5@b,a6@x,a7@x,a8@x,class@p
a0@o,a1@b,a2@b,a3@b,a4@o,a5@b,a6@x,a7@x,a8@x,class@p
a0@o,a1@b,a2@b,a3@b,a4@b,a5@o,a6@x,a7@x,a8@x,class@p
a0@b,a1@x,a2@x,a3@o,a4@x,a5@o,a6@x,a7@o,a8@b,class@p
a0@b,a1@x,a2@x,a3@o,a4@x,a5@o,a6@x,a7@b,a8@o,class@p
a0@b,a1@x,a2@x,a3@o,a4@x,a5@o,a6@o,a7@x,a8@b,class@p
a0@b,a1@x,a2@x,a3@o,a4@x,a5@o,a6@b,a7@x,a8@o,class@p
a0@b,a1@x,a2@x,a3@o,a4@x,a5@b,a6@x,a7@o,a8@o,class@p
a0@b,a1@x,a2@x,a3@o,a4@x,a5@b,a6@o,a7@x,a8@o,class@p
a0@b,a1@x,a2@x,a3@o,a4@o,a5@x,a6@o,a7@b,a8@x,class@p
a0@b,a1@x,a2@x,a3@o,a4@o,a5@x,a6@b,a7@o,a8@x,class@p
a0@b,a1@x,a2@x,a3@o,a4@b,a5@x,a6@o,a7@o,a8@x,class@p
a0@b,a1@x,a2@x,a3@b,a4@x,a5@o,a6@x,a7@o,a8@o,class@p
a0@b,a1@x,a2@x,a3@b,a4@x,a5@o,a6@o,a7@x,a8@o,class@p
a0@b,a1@x,a2@x,a3@b,a4@o,a5@x,a6@o,a7@o,a8@x,class@p
a0@b,a1@x,a2@o,a3@x,a4@x,a5@x,a6@o,a7@o,a8@b,class@p
a0@b,a1@x,a2@o,a3@x,a4@x,a5@x,a6@o,a7@b,a8@o,class@p
a0@b,a1@x,a2@o,a3@x,a4@x,a5@x,a6@b,a7@o,a8@o,class@p
a0@b,a1@x,a2@o,a3@x,a4@x,a5@o,a6@o,a7@x,a8@b,class@p
a0@b,a1@x,a2@o,a3@x,a4@x,a5@b,a6@o,a7@x,a8@o,class@p
a0@b,a1@x,a2@o,a3@o,a4@x,a5@x,a6@o,a7@x,a8@b,class@p
a0@b,a1@x,a2@o,a3@o,a4@x,a5@x,a6@b,a7@x,a8@o,class@p
a0@b,a1@x,a2@o,a3@o,a4@x,a5@o,a6@x,a7@x,a8@b,class@p
a0@b,a1@x,a2@o,a3@o,a4@x,a5@o,a6@b,a7@x,a8@x,class@p
a0@b,a1@x,a2@o,a3@o,a4@x,a5@b,a6@x,a7@x,a8@o,class@p
a0@b,a1@x,a2@o,a3@o,a4@x,a5@b,a6@o,a7@x,a8@x,class@p
a0@b,a1@x,a2@o,a3@o,a4@x,a5@b,a6@b,a7@x,a8@b,class@p
a0@b,a1@x,a2@o,a3@o,a4@o,a5@b,a6@x,a7@x,a8@x,class@p
a0@b,a1@x,a2@o,a3@o,a4@b,a5@o,a6@x,a7@x,a8@x,class@p
a0@b,a1@x,a2@o,a3@b,a4@x,a5@x,a6@o,a7@x,a8@o,class@p
a0@b,a1@x,a2@o,a3@b,a4@x,a5@o,a6@o,a7@x,a8@x,class@p
a0@b,a1@x,a2@o,a3@b,a4@x,a5@o,a6@b,a7@x,a8@b,class@p
a0@b,a1@x,a2@o,a3@b,a4@x,a5@b,a6@o,a7@x,a8@b,class@p
a0@b,a1@x,a2@o,a3@b,a4@x,a5@b,a6@b,a7@x,a8@o,class@p
a0@b,a1@x,a2@o,a3@b,a4@o,a5@o,a6@x,a7@x,a8@x,class@p
a0@b,a1@x,a2@b,a3@x,a4@x,a5@o,a6@o,a7@x,a8@o,class@p
a0@b,a1@x,a2@b,a3@o,a4@x,a5@x,a6@o,a7@x,a8@o,class@p
a0@b,a1@x,a2@b,a3@o,a4@x,a5@o,a6@x,a7@x,a8@o,class@p
a0@b,a1@x,a2@b,a3@o,a4@x,a5@o,a6@o,a7@x,a8@x,class@p
a0@b,a1@x,a2@b,a3@o,a4@x,a5@o,a6@b,a7@x,a8@b,class@p
a0@b,a1@x,a2@b,a3@o,a4@x,a5@b,a6@o,a7@x,a8@b,class@p
a0@b,a1@x,a2@b,a3@o,a4@x,a5@b,a6@b,a7@x,a8@o,class@p
a0@b,a1@x,a2@b,a3@b,a4@x,a5@o,a6@o,a7@x,a8@b,class@p
a0@b,a1@x,a2@b,a3@b,a4@x,a5@o,a6@b,a7@x,a8@o,class@p
a0@b,a1@x,a2@b,a3@b,a4@x,a5@b,a6@o,a7@x,a8@o,class@p
a0@b,a1@o,a2@x,a3@x,a4@x,a5@x,a6@o,a7@o,a8@b,class@p
a0@b,a1@o,a2@x,a3@x,a4@x,a5@x,a6@o,a7@b,a8@o,class@p
a0@b,a1@o,a2@x,a3@x,a4@x,a5@x,a6@b,a7@o,a8@o,class@p
a0@b,a1@o,a2@x,a3@x,a4@x,a5@o,a6@x,a7@o,a8@b,class@p
a0@b,a1@o,a2@x,a3@x,a4@x,a5@o,a6@x,a7@b,a8@o,class@p
a0@b,a1@o,a2@x,a3@x,a4@x,a5@b,a6@x,a7@o,a8@o,class@p
a0@b,a1@o,a2@x,a3@x,a4@o,a5@x,a6@o,a7@b,a8@x,class@p
a0@b,a1@o,a2@x,a3@x,a4@b,a5@x,a6@o,a7@o,a8@x,class@p
a0@b,a1@o,a2@x,a3@o,a4@x,a5@x,a6@x,a7@o,a8@b,class@p
a0@b,a1@o,a2@x,a3@o,a4@x,a5@x,a6@x,a7@b,a8@o,class@p
a0@b,a1@o,a2@x,a3@o,a4@x,a5@x,a6@o,a7@b,a8@x,class@p
a0@b,a1@o,a2@x,a3@o,a4@x,a5@x,a6@b,a7@o,a8@x,class@p
a0@b,a1@o,a2@x,a3@o,a4@x,a5@o,a6@x,a7@x,a8@b,class@p
a0@b,a1@o,a2@x,a3@o,a4@x,a5@o,a6@x,a7@b,a8@x,class@p
a0@b,a1@o,a2@x,a3@o,a4@x,a5@b,a6@x,a7@x,a8@o,class@p
a0@b,a1@o,a2@x,a3@o,a4@x,a5@b,a6@x,a7@o,a8@x,class@p
a0@b,a1@o,a2@x,a3@o,a4@x,a5@b,a6@x,a7@b,a8@b,class@p
a0@b,a1@o,a2@x,a3@o,a4@o,a5@x,a6@x,a7@b,a8@x,class@p
a0@b,a1@o,a2@x,a3@o,a4@o,a5@x,a6@b,a7@x,a8@x,class@p
a0@b,a1@o,a2@x,a3@o,a4@o,a5@b,a6@x,a7@x,a8@x,class@p
a0@b,a1@o,a2@x,a3@o,a4@b,a5@x,a6@x,a7@o,a8@x,class@p
a0@b,a1@o,a2@x,a3@o,a4@b,a5@x,a6@o,a7@x,a8@x,class@p
a0@b,a1@o,a2@x,a3@o,a4@b,a5@x,a6@b,a7@b,a8@x,class@p
a0@b,a1@o,a2@x,a3@o,a4@b,a5@o,a6@x,a7@x,a8@x,class@p
a0@b,a1@o,a2@x,a3@b,a4@x,a5@x,a6@x,a7@o,a8@o,class@p
a0@b,a1@o,a2@x,a3@b,a4@x,a5@x,a6@o,a7@o,a8@x,class@p
a0@b,a1@o,a2@x,a3@b,a4@x,a5@o,a6@x,a7@x,a8@o,class@p
a0@b,a1@o,a2@x,a3@b,a4@x,a5@o,a6@x,a7@o,a8@x,class@p
a0@b,a1@o,a2@x,a3@b,a4@x,a5@o,a6@x,a7@b,a8@b,class@p
a0@b,a1@o,a2@x,a3@b,a4@x,a5@b,a6@x,a7@o,a8@b,class@p
a0@b,a1@o,a2@x,a3@b,a4@x,a5@b,a6@x,a7@b,a8@o,class@p
a0@b,a1@o,a2@x,a3@b,a4@o,a5@x,a6@o,a7@x,a8@x,class@p
a0@b,a1@o,a2@x,a3@b,a4@o,a5@x,a6@b,a7@b,a8@x,class@p
a0@b,a1@o,a2@x,a3@b,a4@o,a5@o,a6@x,a7@x,a8@x,class@p
a0@b,a1@o,a2@x,a3@b,a4@b,a5@x,a6@o,a7@b,a8@x,class@p
a0@b,a1@o,a2@x,a3@b,a4@b,a5@x,a6@b,a7@o,a8@x,class@p
a0@b,a1@o,a2@o,a3@x,a4@x,a5@x,a6@x,a7@o,a8@b,class@p
a0@b,a1@o,a2@o,a3@x,a4@x,a5@x,a6@x,a7@b,a8@o,class@p
a0@b,a1@o,a2@o,a3@x,a4@x,a5@x,a6@o,a7@x,a8@b,class@p
a0@b,a1@o,a2@o,a3@x,a4@x,a5@x,a6@o,a7@b,a8@x,class@p
a0@b,a1@o,a2@o,a3@x,a4@x,a5@x,a6@b,a7@x,a8@o,class@p
a0@b,a1@o,a2@o,a3@x,a4@x,a5@x,a6@b,a7@o,a8@x,class@p
a0@b,a1@o,a2@o,a3@x,a4@x,a5@x,a6@b,a7@b,a8@b,class@p
a0@b,a1@o,a2@o,a3@x,a4@o,a5@b,a6@x,a7@x,a8@x,class@p
a0@b,a1@o,a2@o,a3@x,a4@b,a5@o,a6@x,a7@x,a8@x,class@p
a0@b,a1@o,a2@o,a3@o,a4@x,a5@b,a6@x,a7@x,a8@x,class@p
a0@b,a1@o,a2@o,a3@o,a4@b,a5@x,a6@x,a7@x,a8@x,class@p
a0@b,a1@o,a2@o,a3@b,a4@x,a5@o,a6@x,a7@x,a8@x,class@p
a0@b,a1@o,a2@o,a3@b,a4@o,a5@x,a6@x,a7@x,a8@x,class@p
a0@b,a1@o,a2@o,a3@b,a4@b,a5@b,a6@x,a7@x,a8@x,class@p
a0@b,a1@o,a2@b,a3@x,a4@x,a5@x,a6@x,a7@o,a8@o,class@p
a0@b,a1@o,a2@b,a3@x,a4@x,a5@x,a6@o,a7@x,a8@o,class@p
a0@b,a1@o,a2@b,a3@x,a4@x,a5@x,a6@o,a7@o,a8@x,class@p
a0@b,a1@o,a2@b,a3@x,a4@x,a5@x,a6@o,a7@b,a8@b,class@p
a0@b,a1@o,a2@b,a3@x,a4@x,a5@x,a6@b,a7@o,a8@b,class@p
a0@b,a1@o,a2@b,a3@x,a4@x,a5@x,a6@b,a7@b,a8@o,class@p
a0@b,a1@o,a2@b,a3@x,a4@o,a5@o,a6@x,a7@x,a8@x,class@p
a0@b,a1@o,a2@b,a3@o,a4@x,a5@o,a6@x,a7@x,a8@x,class@p
a0@b,a1@o,a2@b,a3@o,a4@o,a5@x,a6@x,a7@x,a8@x,class@p
a0@b,a1@o,a2@b,a3@o,a4@b,a5@b,a6@x,a7@x,a8@x,class@p
a0@b,a1@o,a2@b,a3@b,a4@o,a5@b,a6@x,a7@x,a8@x,class@p
a0@b,a1@o,a2@b,a3@b,a4@b,a5@o,a6@x,a7@x,a8@x,class@p
a0@b,a1@b,a2@x,a3@x,a4@x,a5@o,a6@x,a7@o,a8@o,class@p
a0@b,a1@b,a2@x,a3@x,a4@o,a5@x,a6@o,a7@o,a8@x,class@p
a0@b,a1@b,a2@x,a3@o,a4@x,a5@x,a6@x,a7@o,a8@o,class@p
a0@b,a1@b,a2@x,a3@o,a4@x,a5@x,a6@o,a7@o,a8@x,class@p
a0@b,a1@b,a2@x,a3@o,a4@x,a5@o,a6@x,a7@x,a8@o,class@p
a0@b,a1@b,a2@x,a3@o,a4@x,a5@o,a6@x,a7@o,a8@x,class@p
a0@b,a1@b,a2@x,a3@o,a4@x,a5@o,a6@x,a7@b,a8@b,class@p
a0@b,a1@b,a2@x,a3@o,a4@x,a5@b,a6@x,a7@o,a8@b,class@p
a0@b,a1@b,a2@x,a3@o,a4@x,a5@b,a6@x,a7@b,a8@o,class@p
a0@b,a1@b,a2@x,a3@o,a4@o,a5@x,a6@x,a7@o,a8@x,class@p
a0@b,a1@b,a2@x,a3@o,a4@o,a5@x,a6@o,a7@x,a8@x,class@p
a0@b,a1@b,a2@x,a3@o,a4@o,a5@x,a6@b,a7@b,a8@x,class@p
a0@b,a1@b,a2@x,a3@o,a4@b,a5@x,a6@o,a7@b,a8@x,class@p
a0@b,a1@b,a2@x,a3@o,a4@b,a5@x,a6@b,a7@o,a8@x,class@p
a0@b,a1@b,a2@x,a3@b,a4@x,a5@o,a6@x,a7@o,a8@b,class@p
a0@b,a1@b,a2@x,a3@b,a4@x,a5@o,a6@x,a7@b,a8@o,class@p
a0@b,a1@b,a2@x,a3@b,a4@x,a5@b,a6@x,a7@o,a8@o,class@p
a0@b,a1@b,a2@x,a3@b,a4@o,a5@x,a6@o,a7@b,a8@x,class@p
a0@b,a1@b,a2@x,a3@b,a4@o,a5@x,a6@b,a7@o,a8@x,class@p
a0@b,a1@b,a2@x,a3@b,a4@b,a5@x,a6@o,a7@o,a8@x,class@p
a0@b,a1@b,a2@o,a3@x,a4@x,a5@x,a6@x,a7@o,a8@o,class@p
a0@b,a1@b,a2@o,a3@x,a4@x,a5@x,a6@o,a7@x,a8@o,class@p
a0@b,a1@b,a2@o,a3@x,a4@x,a5@x,a6@o,a7@o,a8@x,class@p
a0@b,a1@b,a2@o,a3@x,a4@x,a5@x,a6@o,a7@b,a8@b,class@p
a0@b,a1@b,a2@o,a3@x,a4@x,a5@x,a6@b,a7@o,a8@b,class@p
a0@b,a1@b,a2@o,a3@x,a4@x,a5@x,a6@b,a7@b,a8@o,class@p
a0@b,a1@b,a2@o,a3@x,a4@o,a5@o,a6@x,a7@x,a8@x,class@p
a0@b,a1@b,a2@o,a3@o,a4@x,a5@o,a6@x,a7@x,a8@x,class@p
a0@b,a1@b,a2@o,a3@o,a4@o,a5@x,a6@x,a7@x,a8@x,class@p
a0@b,a1@b,a2@o,a3@o,a4@b,a5@b,a6@x,a7@x,a8@x,class@p
a0@b,a1@b,a2@o,a3@b,a4@o,a5@b,a6@x,a7@x,a8@x,class@p
a0@b,a1@b,a2@o,a3@b,a4@b,a5@o,a6@x,a7@x,a8@x,class@p
a0@b,a1@b,a2@b,a3@x,a4@x,a5@x,a6@o,a7@o,a8@b,class@p
a0@b,a1@b,a2@b,a3@x,a4@x,a5@x,a6@o,a7@b,a8@o,class@p
a0@b,a1@b,a2@b,a3@x,a4@x,a5@x,a6@b,a7@o,a8@o,class@p
a0@b,a1@b,a2@b,a3@o,a4@o,a5@b,a6@x,a7@x,a8@x,class@p
a0@b,a1@b,a2@b,a3@o,a4@b,a5@o,a6@x,a7@x,a8@x,class@p
a0@b,a1@b,a2@b,a3@b,a4@o,a5@o,a6@x,a7@x,a8@x,class@p
a0@x,a1@x,a2@o,a3@x,a4@x,a5@o,a6@o,a7@b,a8@o,class@n
a0@x,a1@x,a2@o,a3@x,a4@x,a5@o,a6@b,a7@o,a8@o,class@n
a0@x,a1@x,a2@o,a3@x,a4@x,a5@b,a6@o,a7@o,a8@o,class@n
a0@x,a1@x,a2@o,a3@x,a4@o,a5@x,a6@o,a7@o,a8@b,class@n
a0@x,a1@x,a2@o,a3@x,a4@o,a5@x,a6@o,a7@b,a8@o,class@n
a0@x,a1@x,a2@o,a3@x,a4@o,a5@o,a6@o,a7@x,a8@b,class@n
a0@x,a1@x,a2@o,a3@x,a4@o,a5@o,a6@o,a7@b,a8@x,class@n
a0@x,a1@x,a2@o,a3@x,a4@o,a5@o,a6@b,a7@x,a8@o,class@n
a0@x,a1@x,a2@o,a3@x,a4@o,a5@b,a6@o,a7@x,a8@o,class@n
a0@x,a1@x,a2@o,a3@x,a4@o,a5@b,a6@o,a7@o,a8@x,class@n
a0@x,a1@x,a2@o,a3@x,a4@o,a5@b,a6@o,a7@b,a8@b,class@n
a0@x,a1@x,a2@o,a3@x,a4@b,a5@x,a6@o,a7@o,a8@o,class@n
a0@x,a1@x,a2@o,a3@x,a4@b,a5@o,a6@o,a7@x,a8@o,class@n
a0@x,a1@x,a2@o,a3@x,a4@b,a5@o,a6@b,a7@b,a8@o,class@n
a0@x,a1@x,a2@o,a3@o,a4@x,a5@o,a6@x,a7@b,a8@o,class@n
a0@x,a1@x,a2@o,a3@o,a4@o,a5@x,a6@o,a7@x,a8@b,class@n
a0@x,a1@x,a2@o,a3@o,a4@o,a5@x,a6@o,a7@b,a8@x,class@n
a0@x,a1@x,a2@o,a3@o,a4@o,a5@o,a6@x,a7@x,a8@b,class@n
a0@x,a1@x,a2@o,a3@o,a4@o,a5@o,a6@x,a7@b,a8@x,class@n
a0@x,a1@x,a2@o,a3@o,a4@o,a5@o,a6@b,a7@x,a8@x,class@n
a0@x,a1@x,a2@o,a3@o,a4@o,a5@b,a6@o,a7@x,a8@x,class@n
a0@x,a1@x,a2@o,a3@o,a4@b,a5@o,a6@x,a7@x,a8@o,class@n
a0@x,a1@x,a2@o,a3@b,a4@x,a5@x,a6@o,a7@o,a8@o,class@n
a0@x,a1@x,a2@o,a3@b,a4@x,a5@o,a6@x,a7@o,a8@o,class@n
a0@x,a1@x,a2@o,a3@b,a4@x,a5@o,a6@b,a7@b,a8@o,class@n
a0@x,a1@x,a2@o,a3@b,a4@o,a5@x,a6@o,a7@x,a8@o,class@n
a0@x,a1@x,a2@o,a3@b,a4@o,a5@x,a6@o,a7@o,a8@x,class@n
a0@x,a1@x,a2@o,a3@b,a4@o,a5@x,a6@o,a7@b,a8@b,class@n
a0@x,a1@x,a2@o,a3@b,a4@o,a5@o,a6@x,a7@x,a8@o,class@n
a0@x,a1@x,a2@o,a3@b,a4@o,a5@o,a6@o,a7@x,a8@x,class@n
a0@x,a1@x,a2@o,a3@b,a4@o,a5@b,a6@o,a7@x,a8@b,class@n
a0@x,a1@x,a2@o,a3@b,a4@o,a5@b,a6@o,a7@b,a8@x,class@n
a0@x,a1@x,a2@o,a3@b,a4@b,a5@o,a6@x,a7@b,a8@o,class@n
a0@x,a1@x,a2@o,a3@b,a4@b,a5@o,a6@b,a7@x,a8@o,class@n
a0@x,a1@x,a2@b,a3@x,a4@x,a5@o,a6@o,a7@o,a8@o,class@n
a0@x,a1@x,a2@b,a3@x,a4@o,a5@x,a6@o,a7@o,a8@o,class@n
a0@x,a1@x,a2@b,a3@x,a4@b,a5@b,a6@o,a7@o,a8@o,class@n
a0@x,a1@x,a2@b,a3@o,a4@x,a5@x,a6@o,a7@o,a8@o,class@n
a0@x,a1@x,a2@b,a3@o,a4@o,a5@o,a6@x,a7@x,a8@o,class@n
a0@x,a1@x,a2@b,a3@o,a4@o,a5@o,a6@x,a7@o,a8@x,class@n
a0@x,a1@x,a2@b,a3@o,a4@o,a5@o,a6@x,a7@b,a8@b,class@n
a0@x,a1@x,a2@b,a3@o,a4@o,a5@o,a6@o,a7@x,a8@x,class@n
a0@x,a1@x,a2@b,a3@o,a4@o,a5@o,a6@b,a7@x,a8@b,class@n
a0@x,a1@x,a2@b,a3@o,a4@o,a5@o,a6@b,a7@b,a8@x,class@n
a0@x,a1@x,a2@b,a3@b,a4@x,a5@b,a6@o,a7@o,a8@o,class@n
a0@x,a1@x,a2@b,a3@b,a4@b,a5@x,a6@o,a7@o,a8@o,class@n
a0@x,a1@o,a2@x,a3@x,a4@x,a5@b,a6@o,a7@o,a8@o,class@n
a0@x,a1@o,a2@x,a3@x,a4@o,a5@x,a6@o,a7@o,a8@b,class@n
a0@x,a1@o,a2@x,a3@x,a4@o,a5@x,a6@b,a7@o,a8@o,class@n
a0@x,a1@o,a2@x,a3@x,a4@o,a5@o,a6@b,a7@o,a8@x,class@n
a0@x,a1@o,a2@x,a3@x,a4@o,a5@b,a6@o,a7@o,a8@x,class@n
a0@x,a1@o,a2@x,a3@x,a4@o,a5@b,a6@b,a7@o,a8@b,class@n
a0@x,a1@o,a2@x,a3@x,a4@b,a5@x,a6@o,a7@o,a8@o,class@n
a0@x,a1@o,a2@x,a3@o,a4@o,a5@x,a6@x,a7@o,a8@b,class@n
a0@x,a1@o,a2@x,a3@o,a4@o,a5@o,a6@x,a7@x,a8@b,class@n
a0@x,a1@o,a2@x,a3@o,a4@o,a5@o,a6@x,a7@b,a8@x,class@n
a0@x,a1@o,a2@x,a3@o,a4@o,a5@o,a6@b,a7@x,a8@x,class@n
a0@x,a1@o,a2@x,a3@o,a4@o,a5@b,a6@x,a7@o,a8@x,class@n
a0@x,a1@o,a2@x,a3@b,a4@x,a5@x,a6@o,a7@o,a8@o,class@n
a0@x,a1@o,a2@x,a3@b,a4@o,a5@x,a6@x,a7@o,a8@o,class@n
a0@x,a1@o,a2@x,a3@b,a4@o,a5@x,a6@b,a7@o,a8@b,class@n
a0@x,a1@o,a2@x,a3@b,a4@o,a5@o,a6@x,a7@o,a8@x,class@n
a0@x,a1@o,a2@x,a3@b,a4@o,a5@b,a6@x,a7@o,a8@b,class@n
a0@x,a1@o,a2@x,a3@b,a4@o,a5@b,a6@b,a7@o,a8@x,class@n
a0@x,a1@o,a2@o,a3@x,a4@x,a5@o,a6@b,a7@x,a8@o,class@n
a0@x,a1@o,a2@o,a3@x,a4@o,a5@x,a6@o,a7@x,a8@b,class@n
a0@x,a1@o,a2@o,a3@x,a4@o,a5@x,a6@o,a7@b,a8@x,class@n
a0@x,a1@o,a2@o,a3@x,a4@o,a5@x,a6@b,a7@o,a8@x,class@n
a0@x,a1@o,a2@o,a3@x,a4@o,a5@b,a6@o,a7@x,a8@x,class@n
a0@x,a1@o,a2@o,a3@b,a4@x,a5@o,a6@x,a7@x,a8@o,class@n
a0@x,a1@o,a2@o,a3@b,a4@o,a5@x,a6@x,a7@o,a8@x,class@n
a0@x,a1@o,a2@o,a3@b,a4@o,a5@x,a6@o,a7@x,a8@x,class@n
a0@x,a1@o,a2@b,a3@x,a4@o,a5@x,a6@o,a7@o,a8@x,class@n
a0@x,a1@o,a2@b,a3@x,a4@o,a5@x,a6@b,a7@o,a8@b,class@n
a0@x,a1@o,a2@b,a3@x,a4@o,a5@b,a6@b,a7@o,a8@x,class@n
a0@x,a1@o,a2@b,a3@o,a4@o,a5@x,a6@x,a7@o,a8@x,class@n
a0@x,a1@o,a2@b,a3@b,a4@o,a5@x,a6@x,a7@o,a8@b,class@n
a0@x,a1@o,a2@b,a3@b,a4@o,a5@x,a6@b,a7@o,a8@x,class@n
a0@x,a1@o,a2@b,a3@b,a4@o,a5@b,a6@x,a7@o,a8@x,class@n
a0@x,a1@b,a2@x,a3@x,a4@x,a5@o,a6@o,a7@o,a8@o,class@n
a0@x,a1@b,a2@x,a3@x,a4@o,a5@x,a6@o,a7@o,a8@o,class@n
a0@x,a1@b,a2@x,a3@x,a4@b,a5@b,a6@o,a7@o,a8@o,class@n
a0@x,a1@b,a2@x,a3@o,a4@x,a5@x,a6@o,a7@o,a8@o,class@n
a0@x,a1@b,a2@x,a3@o,a4@o,a5@o,a6@x,a7@x,a8@o,class@n
a0@x,a1@b,a2@x,a3@o,a4@o,a5@o,a6@x,a7@o,a8@x,class@n
a0@x,a1@b,a2@x,a3@o,a4@o,a5@o,a6@x,a7@b,a8@b,class@n
a0@x,a1@b,a2@x,a3@o,a4@o,a5@o,a6@o,a7@x,a8@x,class@n
a0@x,a1@b,a2@x,a3@o,a4@o,a5@o,a6@b,a7@x,a8@b,class@n
a0@x,a1@b,a2@x,a3@o,a4@o,a5@o,a6@b,a7@b,a8@x,class@n
a0@x,a1@b,a2@x,a3@b,a4@x,a5@b,a6@o,a7@o,a8@o,class@n
a0@x,a1@b,a2@x,a3@b,a4@b,a5@x,a6@o,a7@o,a8@o,class@n
a0@x,a1@b,a2@o,a3@x,a4@x,a5@o,a6@o,a7@x,a8@o,class@n
a0@x,a1@b,a2@o,a3@x,a4@x,a5@o,a6@b,a7@b,a8@o,class@n
a0@x,a1@b,a2@o,a3@x,a4@o,a5@x,a6@o,a7@x,a8@o,class@n
a0@x,a1@b,a2@o,a3@x,a4@o,a5@x,a6@o,a7@o,a8@x,class@n
a0@x,a1@b,a2@o,a3@x,a4@o,a5@x,a6@o,a7@b,a8@b,class@n
a0@x,a1@b,a2@o,a3@x,a4@o,a5@o,a6@o,a7@x,a8@x,class@n
a0@x,a1@b,a2@o,a3@x,a4@o,a5@b,a6@o,a7@x,a8@b,class@n
a0@x,a1@b,a2@o,a3@x,a4@o,a5@b,a6@o,a7@b,a8@x,class@n
a0@x,a1@b,a2@o,a3@x,a4@b,a5@o,a6@b,a7@x,a8@o,class@n
a0@x,a1@b,a2@o,a3@o,a4@x,a5@o,a6@x,a7@x,a8@o,class@n
a0@x,a1@b,a2@o,a3@o,a4@o,a5@x,a6@o,a7@x,a8@x,class@n
a0@x,a1@b,a2@o,a3@b,a4@x,a5@o,a6@x,a7@b,a8@o,class@n
a0@x,a1@b,a2@o,a3@b,a4@x,a5@o,a6@b,a7@x,a8@o,class@n
a0@x,a1@b,a2@o,a3@b,a4@o,a5@x,a6@o,a7@x,a8@b,class@n
a0@x,a1@b,a2@o,a3@b,a4@o,a5@x,a6@o,a7@b,a8@x,class@n
a0@x,a1@b,a2@o,a3@b,a4@o,a5@b,a6@o,a7@x,a8@x,class@n
a0@x,a1@b,a2@o,a3@b,a4@b,a5@o,a6@x,a7@x,a8@o,class@n
a0@x,a1@b,a2@b,a3@x,a4@x,a5@b,a6@o,a7@o,a8@o,class@n
a0@x,a1@b,a2@b,a3@x,a4@b,a5@x,a6@o,a7@o,a8@o,class@n
a0@x,a1@b,a2@b,a3@o,a4@o,a5@o,a6@x,a7@x,a8@b,class@n
a0@x,a1@b,a2@b,a3@o,a4@o,a5@o,a6@x,a7@b,a8@x,class@n
a0@x,a1@b,a2@b,a3@o,a4@o,a5@o,a6@b,a7@x,a8@x,class@n
a0@x,a1@b,a2@b,a3@b,a4@x,a5@x,a6@o,a7@o,a8@o,class@n
a0@o,a1@x,a2@x,a3@x,a4@x,a5@b,a6@o,a7@o,a8@o,class@n
a0@o,a1@x,a2@x,a3@x,a4@o,a5@x,a6@o,a7@b,a8@o,class@n
a0@o,a1@x,a2@x,a3@x,a4@o,a5@x,a6@b,a7@o,a8@o,class@n
a0@o,a1@x,a2@x,a3@x,a4@o,a5@o,a6@x,a7@b,a8@o,class@n
a0@o,a1@x,a2@x,a3@x,a4@o,a5@o,a6@b,a7@x,a8@o,class@n
a0@o,a1@x,a2@x,a3@x,a4@o,a5@b,a6@x,a7@o,a8@o,class@n
a0@o,a1@x,a2@x,a3@x,a4@o,a5@b,a6@o,a7@x,a8@o,class@n
a0@o,a1@x,a2@x,a3@x,a4@o,a5@b,a6@b,a7@b,a8@o,class@n
a0@o,a1@x,a2@x,a3@x,a4@b,a5@x,a6@o,a7@o,a8@o,class@n
a0@o,a1@x,a2@x,a3@o,a4@x,a5@x,a6@o,a7@o,a8@b,class@n
a0@o,a1@x,a2@x,a3@o,a4@x,a5@x,a6@o,a7@b,a8@o,class@n
a0@o,a1@x,a2@x,a3@o,a4@x,a5@o,a6@o,a7@b,a8@x,class@n
a0@o,a1@x,a2@x,a3@o,a4@x,a5@b,a6@o,a7@o,a8@x,class@n
a0@o,a1@x,a2@x,a3@o,a4@x,a5@b,a6@o,a7@b,a8@b,class@n
a0@o,a1@x,a2@x,a3@o,a4@o,a5@x,a6@x,a7@b,a8@o,class@n
a0@o,a1@x,a2@x,a3@o,a4@o,a5@x,a6@o,a7@x,a8@b,class@n
a0@o,a1@x,a2@x,a3@o,a4@o,a5@x,a6@b,a7@x,a8@o,class@n
a0@o,a1@x,a2@x,a3@o,a4@o,a5@o,a6@x,a7@x,a8@b,class@n
a0@o,a1@x,a2@x,a3@o,a4@o,a5@o,a6@x,a7@b,a8@x,class@n
a0@o,a1@x,a2@x,a3@o,a4@o,a5@o,a6@b,a7@x,a8@x,class@n
a0@o,a1@x,a2@x,a3@o,a4@o,a5@b,a6@x,a7@x,a8@o,class@n
a0@o,a1@x,a2@x,a3@o,a4@o,a5@b,a6@o,a7@x,a8@x,class@n
a0@o,a1@x,a2@x,a3@o,a4@b,a5@x,a6@o,a7@x,a8@o,class@n
a0@o,a1@x,a2@x,a3@o,a4@b,a5@x,a6@o,a7@b,a8@b,class@n
a0@o,a1@x,a2@x,a3@o,a4@b,a5@o,a6@o,a7@x,a8@x,class@n
a0@o,a1@x,a2@x,a3@o,a4@b,a5@b,a6@o,a7@x,a8@b,class@n
a0@o,a1@x,a2@x,a3@o,a4@b,a5@b,a6@o,a7@b,a8@x,class@n
a0@o,a1@x,a2@x,a3@b,a4@x,a5@x,a6@o,a7@o,a8@o,class@n
a0@o,a1@x,a2@x,a3@b,a4@o,a5@x,a6@x,a7@o,a8@o,class@n
a0@o,a1@x,a2@x,a3@b,a4@o,a5@x,a6@o,a7@x,a8@o,class@n
a0@o,a1@x,a2@x,a3@b,a4@o,a5@x,a6@b,a7@b,a8@o,class@n
a0@o,a1@x,a2@x,a3@b,a4@o,a5@o,a6@x,a7@x,a8@o,class@n
a0@o,a1@x,a2@x,a3@b,a4@o,a5@b,a6@x,a7@b,a8@o,class@n
a0@o,a1@x,a2@x,a3@b,a4@o,a5@b,a6@b,a7@x,a8@o,class@n
a0@o,a1@x,a2@o,a3@x,a4@x,a5@o,a6@x,a7@b,a8@o,class@n
a0@o,a1@x,a2@o,a3@x,a4@o,a5@x,a6@x,a7@b,a8@o,class@n
a0@o,a1@x,a2@o,a3@x,a4@o,a5@x,a6@o,a7@x,a8@b,class@n
a0@o,a1@x,a2@o,a3@x,a4@o,a5@x,a6@o,a7@b,a8@x,class@n
a0@o,a1@x,a2@o,a3@x,a4@o,a5@x,a6@b,a7@x,a8@o,class@n
a0@o,a1@x,a2@o,a3@x,a4@o,a5@b,a6@x,a7@x,a8@o,class@n
a0@o,a1@x,a2@o,a3@x,a4@o,a5@b,a6@o,a7@x,a8@x,class@n
a0@o,a1@x,a2@o,a3@x,a4@b,a5@o,a6@x,a7@x,a8@o,class@n
a0@o,a1@x,a2@o,a3@o,a4@x,a5@x,a6@o,a7@b,a8@x,class@n
a0@o,a1@x,a2@o,a3@o,a4@b,a5@x,a6@o,a7@x,a8@x,class@n
a0@o,a1@x,a2@o,a3@b,a4@o,a5@x,a6@x,a7@x,a8@o,class@n
a0@o,a1@x,a2@o,a3@b,a4@o,a5@x,a6@o,a7@x,a8@x,class@n
a0@o,a1@x,a2@b,a3@x,a4@o,a5@x,a6@x,a7@o,a8@o,class@n
a0@o,a1@x,a2@b,a3@x,a4@o,a5@x,a6@o,a7@x,a8@o,class@n
a0@o,a1@x,a2@b,a3@x,a4@o,a5@x,a6@b,a7@b,a8@o,class@n
a0@o,a1@x,a2@b,a3@x,a4@o,a5@o,a6@x,a7@x,a8@o,class@n
a0@o,a1@x,a2@b,a3@x,a4@o,a5@b,a6@x,a7@b,a8@o,class@n
a0@o,a1@x,a2@b,a3@x,a4@o,a5@b,a6@b,a7@x,a8@o,class@n
a0@o,a1@x,a2@b,a3@o,a4@x,a5@x,a6@o,a7@o,a8@x,class@n
a0@o,a1@x,a2@b,a3@o,a4@x,a5@x,a6@o,a7@b,a8@b,class@n
a0@o,a1@x,a2@b,a3@o,a4@x,a5@b,a6@o,a7@b,a8@x,class@n
a0@o,a1@x,a2@b,a3@o,a4@o,a5@x,a6@x,a7@x,a8@o,class@n
a0@o,a1@x,a2@b,a3@o,a4@o,a5@x,a6@o,a7@x,a8@x,class@n
a0@o,a1@x,a2@b,a3@o,a4@b,a5@x,a6@o,a7@x,a8@b,class@n
a0@o,a1@x,a2@b,a3@o,a4@b,a5@x,a6@o,a7@b,a8@x,class@n
a0@o,a1@x,a2@b,a3@o,a4@b,a5@b,a6@o,a7@x,a8@x,class@n
a0@o,a1@x,a2@b,a3@b,a4@o,a5@x,a6@x,a7@b,a8@o,class@n
a0@o,a1@x,a2@b,a3@b,a4@o,a5@x,a6@b,a7@x,a8@o,class@n
a0@o,a1@x,a2@b,a3@b,a4@o,a5@b,a6@x,a7@x,a8@o,class@n
a0@o,a1@o,a2@x,a3@x,a4@o,a5@x,a6@x,a7@o,a8@b,class@n
a0@o,a1@o,a2@x,a3@x,a4@o,a5@x,a6@x,a7@b,a8@o,class@n
a0@o,a1@o,a2@x,a3@x,a4@o,a5@x,a6@b,a7@x,a8@o,class@n
a0@o,a1@o,a2@x,a3@x,a4@o,a5@b,a6@x,a7@x,a8@o,class@n
a0@o,a1@o,a2@x,a3@x,a4@o,a5@b,a6@x,a7@o,a8@x,class@n
a0@o,a1@o,a2@x,a3@o,a4@x,a5@x,a6@o,a7@x,a8@b,class@n
a0@o,a1@o,a2@x,a3@o,a4@x,a5@b,a6@o,a7@x,a8@x,class@n
a0@o,a1@o,a2@x,a3@b,a4@o,a5@x,a6@x,a7@x,a8@o,class@n
a0@o,a1@o,a2@o,a3@x,a4@x,a5@o,a6@x,a7@x,a8@b,class@n
a0@o,a1@o,a2@o,a3@x,a4@x,a5@o,a6@x,a7@b,a8@x,class@n
a0@o,a1@o,a2@o,a3@x,a4@x,a5@o,a6@b,a7@x,a8@x,class@n
a0@o,a1@o,a2@o,a3@x,a4@x,a5@b,a6@x,a7@x,a8@o,class@n
a0@o,a1@o,a2@o,a3@x,a4@x,a5@b,a6@x,a7@o,a8@x,class@n
a0@o,a1@o,a2@o,a3@x,a4@x,a5@b,a6@x,a7@b,a8@b,class@n
a0@o,a1@o,a2@o,a3@x,a4@x,a5@b,a6@o,a7@x,a8@x,class@n
a0@o,a1@o,a2@o,a3@x,a4@x,a5@b,a6@b,a7@x,a8@b,class@n
a0@o,a1@o,a2@o,a3@x,a4@x,a5@b,a6@b,a7@b,a8@x,class@n
a0@o,a1@o,a2@o,a3@x,a4@o,a5@x,a6@x,a7@x,a8@b,class@n
a0@o,a1@o,a2@o,a3@x,a4@o,a5@x,a6@x,a7@b,a8@x,class@n
a0@o,a1@o,a2@o,a3@x,a4@o,a5@x,a6@b,a7@x,a8@x,class@n
a0@o,a1@o,a2@o,a3@x,a4@b,a5@x,a6@x,a7@x,a8@o,class@n
a0@o,a1@o,a2@o,a3@x,a4@b,a5@x,a6@x,a7@o,a8@x,class@n
a0@o,a1@o,a2@o,a3@x,a4@b,a5@x,a6@x,a7@b,a8@b,class@n
a0@o,a1@o,a2@o,a3@x,a4@b,a5@x,a6@o,a7@x,a8@x,class@n
a0@o,a1@o,a2@o,a3@x,a4@b,a5@x,a6@b,a7@x,a8@b,class@n
a0@o,a1@o,a2@o,a3@x,a4@b,a5@x,a6@b,a7@b,a8@x,class@n
a0@o,a1@o,a2@o,a3@x,a4@b,a5@b,a6@x,a7@x,a8@b,class@n
a0@o,a1@o,a2@o,a3@x,a4@b,a5@b,a6@x,a7@b,a8@x,class@n
a0@o,a1@o,a2@o,a3@x,a4@b,a5@b,a6@b,a7@x,a8@x,class@n
a0@o,a1@o,a2@o,a3@o,a4@x,a5@x,a6@x,a7@x,a8@b,class@n
a0@o,a1@o,a2@o,a3@o,a4@x,a5@x,a6@x,a7@b,a8@x,class@n
a0@o,a1@o,a2@o,a3@o,a4@x,a5@x,a6@b,a7@x,a8@x,class@n
a0@o,a1@o,a2@o,a3@b,a4@x,a5@x,a6@x,a7@x,a8@o,class@n
a0@o,a1@o,a2@o,a3@b,a4@x,a5@x,a6@x,a7@o,a8@x,class@n
a0@o,a1@o,a2@o,a3@b,a4@x,a5@x,a6@x,a7@b,a8@b,class@n
a0@o,a1@o,a2@o,a3@b,a4@x,a5@x,a6@o,a7@x,a8@x,class@n
a0@o,a1@o,a2@o,a3@b,a4@x,a5@x,a6@b,a7@x,a8@b,class@n
a0@o,a1@o,a2@o,a3@b,a4@x,a5@x,a6@b,a7@b,a8@x,class@n
a0@o,a1@o,a2@o,a3@b,a4@x,a5@b,a6@x,a7@x,a8@b,class@n
a0@o,a1@o,a2@o,a3@b,a4@x,a5@b,a6@x,a7@b,a8@x,class@n
a0@o,a1@o,a2@o,a3@b,a4@x,a5@b,a6@b,a7@x,a8@x,class@n
a0@o,a1@o,a2@o,a3@b,a4@b,a5@x,a6@x,a7@x,a8@b,class@n
a0@o,a1@o,a2@o,a3@b,a4@b,a5@x,a6@x,a7@b,a8@x,class@n
a0@o,a1@o,a2@o,a3@b,a4@b,a5@x,a6@b,a7@x,a8@x,class@n
a0@o,a1@o,a2@b,a3@x,a4@o,a5@x,a6@x,a7@x,a8@o,class@n
a0@o,a1@o,a2@b,a3@x,a4@o,a5@x,a6@x,a7@o,a8@x,class@n
a0@o,a1@o,a2@b,a3@o,a4@x,a5@x,a6@o,a7@x,a8@x,class@n
a0@o,a1@b,a2@x,a3@x,a4@o,a5@x,a6@x,a7@o,a8@o,class@n
a0@o,a1@b,a2@x,a3@x,a4@o,a5@x,a6@o,a7@x,a8@o,class@n
a0@o,a1@b,a2@x,a3@x,a4@o,a5@x,a6@b,a7@b,a8@o,class@n
a0@o,a1@b,a2@x,a3@x,a4@o,a5@o,a6@x,a7@x,a8@o,class@n
a0@o,a1@b,a2@x,a3@x,a4@o,a5@b,a6@x,a7@b,a8@o,class@n
a0@o,a1@b,a2@x,a3@x,a4@o,a5@b,a6@b,a7@x,a8@o,class@n
a0@o,a1@b,a2@x,a3@o,a4@x,a5@x,a6@o,a7@x,a8@o,class@n
a0@o,a1@b,a2@x,a3@o,a4@x,a5@x,a6@o,a7@b,a8@b,class@n
a0@o,a1@b,a2@x,a3@o,a4@x,a5@o,a6@o,a7@x,a8@x,class@n
a0@o,a1@b,a2@x,a3@o,a4@x,a5@b,a6@o,a7@x,a8@b,class@n
a0@o,a1@b,a2@x,a3@o,a4@x,a5@b,a6@o,a7@b,a8@x,class@n
a0@o,a1@b,a2@x,a3@o,a4@o,a5@x,a6@x,a7@x,a8@o,class@n
a0@o,a1@b,a2@x,a3@o,a4@b,a5@x,a6@o,a7@x,a8@b,class@n
a0@o,a1@b,a2@x,a3@o,a4@b,a5@b,a6@o,a7@x,a8@x,class@n
a0@o,a1@b,a2@x,a3@b,a4@o,a5@x,a6@x,a7@b,a8@o,class@n
a0@o,a1@b,a2@x,a3@b,a4@o,a5@x,a6@b,a7@x,a8@o,class@n
a0@o,a1@b,a2@x,a3@b,a4@o,a5@b,a6@x,a7@x,a8@o,class@n
a0@o,a1@b,a2@o,a3@x,a4@x,a5@o,a6@x,a7@x,a8@o,class@n
a0@o,a1@b,a2@o,a3@x,a4@o,a5@x,a6@x,a7@x,a8@o,class@n
a0@o,a1@b,a2@o,a3@x,a4@o,a5@x,a6@o,a7@x,a8@x,class@n
a0@o,a1@b,a2@o,a3@o,a4@x,a5@x,a6@o,a7@x,a8@x,class@n
a0@o,a1@b,a2@b,a3@x,a4@o,a5@x,a6@x,a7@b,a8@o,class@n
a0@o,a1@b,a2@b,a3@x,a4@o,a5@x,a6@b,a7@x,a8@o,class@n
a0@o,a1@b,a2@b,a3@x,a4@o,a5@b,a6@x,a7@x,a8@o,class@n
a0@o,a1@b,a2@b,a3@o,a4@x,a5@x,a6@o,a7@x,a8@b,class@n
a0@o,a1@b,a2@b,a3@o,a4@x,a5@x,a6@o,a7@b,a8@x,class@n
a0@o,a1@b,a2@b,a3@o,a4@x,a5@b,a6@o,a7@x,a8@x,class@n
a0@o,a1@b,a2@b,a3@o,a4@b,a5@x,a6@o,a7@x,a8@x,class@n
a0@o,a1@b,a2@b,a3@b,a4@o,a5@x,a6@x,a7@x,a8@o,class@n
a0@b,a1@x,a2@x,a3@x,a4@x,a5@o,a6@o,a7@o,a8@o,class@n
a0@b,a1@x,a2@x,a3@x,a4@o,a5@x,a6@o,a7@o,a8@o,class@n
a0@b,a1@x,a2@x,a3@x,a4@b,a5@b,a6@o,a7@o,a8@o,class@n
a0@b,a1@x,a2@x,a3@o,a4@x,a5@x,a6@o,a7@o,a8@o,class@n
a0@b,a1@x,a2@x,a3@o,a4@o,a5@o,a6@x,a7@x,a8@o,class@n
a0@b,a1@x,a2@x,a3@o,a4@o,a5@o,a6@x,a7@o,a8@x,class@n
a0@b,a1@x,a2@x,a3@o,a4@o,a5@o,a6@x,a7@b,a8@b,class@n
a0@b,a1@x,a2@x,a3@o,a4@o,a5@o,a6@o,a7@x,a8@x,class@n
a0@b,a1@x,a2@x,a3@o,a4@o,a5@o,a6@b,a7@x,a8@b,class@n
a0@b,a1@x,a2@x,a3@o,a4@o,a5@o,a6@b,a7@b,a8@x,class@n
a0@b,a1@x,a2@x,a3@b,a4@x,a5@b,a6@o,a7@o,a8@o,class@n
a0@b,a1@x,a2@x,a3@b,a4@b,a5@x,a6@o,a7@o,a8@o,class@n
a0@b,a1@x,a2@o,a3@x,a4@x,a5@o,a6@x,a7@o,a8@o,class@n
a0@b,a1@x,a2@o,a3@x,a4@x,a5@o,a6@b,a7@b,a8@o,class@n
a0@b,a1@x,a2@o,a3@x,a4@o,a5@x,a6@o,a7@x,a8@o,class@n
a0@b,a1@x,a2@o,a3@x,a4@o,a5@x,a6@o,a7@o,a8@x,class@n
a0@b,a1@x,a2@o,a3@x,a4@o,a5@x,a6@o,a7@b,a8@b,class@n
a0@b,a1@x,a2@o,a3@x,a4@o,a5@o,a6@x,a7@x,a8@o,class@n
a0@b,a1@x,a2@o,a3@x,a4@o,a5@o,a6@o,a7@x,a8@x,class@n
a0@b,a1@x,a2@o,a3@x,a4@o,a5@b,a6@o,a7@x,a8@b,class@n
a0@b,a1@x,a2@o,a3@x,a4@o,a5@b,a6@o,a7@b,a8@x,class@n
a0@b,a1@x,a2@o,a3@x,a4@b,a5@o,a6@x,a7@b,a8@o,class@n
a0@b,a1@x,a2@o,a3@x,a4@b,a5@o,a6@b,a7@x,a8@o,class@n
a0@b,a1@x,a2@o,a3@o,a4@o,a5@x,a6@o,a7@x,a8@x,class@n
a0@b,a1@x,a2@o,a3@b,a4@x,a5@o,a6@x,a7@b,a8@o,class@n
a0@b,a1@x,a2@o,a3@b,a4@o,a5@x,a6@o,a7@x,a8@b,class@n
a0@b,a1@x,a2@o,a3@b,a4@o,a5@x,a6@o,a7@b,a8@x,class@n
a0@b,a1@x,a2@o,a3@b,a4@o,a5@b,a6@o,a7@x,a8@x,class@n
a0@b,a1@x,a2@o,a3@b,a4@b,a5@o,a6@x,a7@x,a8@o,class@n
a0@b,a1@x,a2@b,a3@x,a4@x,a5@b,a6@o,a7@o,a8@o,class@n
a0@b,a1@x,a2@b,a3@x,a4@b,a5@x,a6@o,a7@o,a8@o,class@n
a0@b,a1@x,a2@b,a3@o,a4@o,a5@o,a6@x,a7@x,a8@b,class@n
a0@b,a1@x,a2@b,a3@o,a4@o,a5@o,a6@x,a7@b,a8@x,class@n
a0@b,a1@x,a2@b,a3@o,a4@o,a5@o,a6@b,a7@x,a8@x,class@n
a0@b,a1@x,a2@b,a3@b,a4@x,a5@x,a6@o,a7@o,a8@o,class@n
a0@b,a1@o,a2@x,a3@x,a4@o,a5@x,a6@x,a7@o,a8@o,class@n
a0@b,a1@o,a2@x,a3@x,a4@o,a5@x,a6@b,a7@o,a8@b,class@n
a0@b,a1@o,a2@x,a3@x,a4@o,a5@o,a6@x,a7@o,a8@x,class@n
a0@b,a1@o,a2@x,a3@x,a4@o,a5@b,a6@x,a7@o,a8@b,class@n
a0@b,a1@o,a2@x,a3@x,a4@o,a5@b,a6@b,a7@o,a8@x,class@n
a0@b,a1@o,a2@x,a3@b,a4@o,a5@x,a6@x,a7@o,a8@b,class@n
a0@b,a1@o,a2@x,a3@b,a4@o,a5@b,a6@x,a7@o,a8@x,class@n
a0@b,a1@o,a2@o,a3@x,a4@x,a5@o,a6@x,a7@x,a8@o,class@n
a0@b,a1@o,a2@o,a3@x,a4@o,a5@x,a6@x,a7@o,a8@x,class@n
a0@b,a1@o,a2@o,a3@x,a4@o,a5@x,a6@o,a7@x,a8@x,class@n
a0@b,a1@o,a2@b,a3@x,a4@o,a5@x,a6@x,a7@o,a8@b,class@n
a0@b,a1@o,a2@b,a3@x,a4@o,a5@x,a6@b,a7@o,a8@x,class@n
a0@b,a1@o,a2@b,a3@x,a4@o,a5@b,a6@x,a7@o,a8@x,class@n
a0@b,a1@o,a2@b,a3@b,a4@o,a5@x,a6@x,a7@o,a8@x,class@n
a0@b,a1@b,a2@x,a3@x,a4@x,a5@b,a6@o,a7@o,a8@o,class@n
a0@b,a1@b,a2@x,a3@x,a4@b,a5@x,a6@o,a7@o,a8@o,class@n
a0@b,a1@b,a2@x,a3@o,a4@o,a5@o,a6@x,a7@x,a8@b,class@n
a0@b,a1@b,a2@x,a3@o,a4@o,a5@o,a6@x,a7@b,a8@x,class@n
a0@b,a1@b,a2@x,a3@o,a4@o,a5@o,a6@b,a7@x,a8@x,class@n
a0@b,a1@b,a2@x,a3@b,a4@x,a5@x,a6@o,a7@o,a8@o,class@n
a0@b,a1@b,a2@o,a3@x,a4@x,a5@o,a6@x,a7@b,a8@o,class@n
a0@b,a1@b,a2@o,a3@x,a4@x,a5@o,a6@b,a7@x,a8@o,class@n
a0@b,a1@b,a2@o,a3@x,a4@o,a5@x,a6@o,a7@x,a8@b,class@n
a0@b,a1@b,a2@o,a3@x,a4@o,a5@x,a6@o,a7@b,a8@x,class@n
a0@b,a1@b,a2@o,a3@x,a4@o,a5@b,a6@o,a7@x,a8@x,class@n
a0@b,a1@b,a2@o,a3@x,a4@b,a5@o,a6@x,a7@x,a8@o,class@n
a0@b,a1@b,a2@o,a3@b,a4@x,a5@o,a6@x,a7@x,a8@o,class@n
a0@b,a1@b,a2@o,a3@b,a4@o,a5@x,a6@o,a7@x,a8@x,class@n
a0@x,a1@x,a2@o,a3@o,a4@x,a5@x,a6@x,a7@o,a8@o,class@n
a0@x,a1@x,a2@o,a3@o,a4@o,a5@x,a6@x,a7@x,a8@o,class@n
a0@x,a1@x,a2@o,a3@o,a4@o,a5@x,a6@x,a7@o,a8@x,class@n
a0@x,a1@o,a2@x,a3@x,a4@x,a5@o,a6@o,a7@x,a8@o,class@n
a0@x,a1@o,a2@x,a3@x,a4@o,a5@x,a6@o,a7@x,a8@o,class@n
a0@x,a1@o,a2@x,a3@x,a4@o,a5@o,a6@o,a7@x,a8@x,class@n
a0@x,a1@o,a2@x,a3@o,a4@x,a5@x,a6@o,a7@x,a8@o,class@n
a0@x,a1@o,a2@x,a3@o,a4@o,a5@x,a6@x,a7@x,a8@o,class@n
a0@x,a1@o,a2@o,a3@o,a4@x,a5@x,a6@x,a7@x,a8@o,class@n
a0@o,a1@x,a2@x,a3@x,a4@x,a5@o,a6@o,a7@o,a8@x,class@n
a0@o,a1@x,a2@x,a3@x,a4@o,a5@o,a6@x,a7@o,a8@x,class@n
a0@o,a1@x,a2@x,a3@x,a4@o,a5@o,a6@o,a7@x,a8@x,class@n
a0@o,a1@x,a2@o,a3@x,a4@x,a5@o,a6@x,a7@o,a8@x,class@n
a0@o,a1@x,a2@o,a3@x,a4@o,a5@x,a6@x,a7@o,a8@x,class@n
a0@o,a1@x,a2@o,a3@o,a4@x,a5@x,a6@x,a7@o,a8@x,class@n
a0@o,a1@o,a2@x,a3@x,a4@x,a5@o,a6@o,a7@x,a8@x,class@n
